run_id,model_name,graph_name,seed,partition,bin_index,bin_lower,bin_upper,count,accuracy,mean_confidence
gcn_bbknn_kperbatch2_donors12_seed101,gcn,bbknn_kperbatch2_donors12,101,test,0,0.0,0.06666666666666667,0,0.0,0.03333333333333333
gcn_bbknn_kperbatch2_donors12_seed101,gcn,bbknn_kperbatch2_donors12,101,test,1,0.06666666666666667,0.13333333333333333,0,0.0,0.1
gcn_bbknn_kperbatch2_donors12_seed101,gcn,bbknn_kperbatch2_donors12,101,test,2,0.13333333333333333,0.2,0,0.0,0.16666666666666669
gcn_bbknn_kperbatch2_donors12_seed101,gcn,bbknn_kperbatch2_donors12,101,test,3,0.2,0.26666666666666666,39,0.3076923076923077,0.2423550681425975
gcn_bbknn_kperbatch2_donors12_seed101,gcn,bbknn_kperbatch2_donors12,101,test,4,0.26666666666666666,0.3333333333333333,139,0.3597122302158273,0.30436663533286223
gcn_bbknn_kperbatch2_donors12_seed101,gcn,bbknn_kperbatch2_donors12,101,test,5,0.3333333333333333,0.4,246,0.45528455284552843,0.3685063363575354
gcn_bbknn_kperbatch2_donors12_seed101,gcn,bbknn_kperbatch2_donors12,101,test,6,0.4,0.4666666666666667,448,0.484375,0.4359852018366967
gcn_bbknn_kperbatch2_donors12_seed101,gcn,bbknn_kperbatch2_donors12,101,test,7,0.4666666666666667,0.5333333333333333,675,0.5585185185185185,0.5005204952646185
gcn_bbknn_kperbatch2_donors12_seed101,gcn,bbknn_kperbatch2_donors12,101,test,8,0.5333333333333333,0.6,684,0.6505847953216374,0.5665627636058986
gcn_bbknn_kperbatch2_donors12_seed101,gcn,bbknn_kperbatch2_donors12,101,test,9,0.6,0.6666666666666666,752,0.7154255319148937,0.633515984057746
gcn_bbknn_kperbatch2_donors12_seed101,gcn,bbknn_kperbatch2_donors12,101,test,10,0.6666666666666666,0.7333333333333333,821,0.7904993909866017,0.7009186696773906
gcn_bbknn_kperbatch2_donors12_seed101,gcn,bbknn_kperbatch2_donors12,101,test,11,0.7333333333333333,0.8,1133,0.8508384819064431,0.7677141089725579
gcn_bbknn_kperbatch2_donors12_seed101,gcn,bbknn_kperbatch2_donors12,101,test,12,0.8,0.8666666666666667,1570,0.9044585987261147,0.8352575985489378
gcn_bbknn_kperbatch2_donors12_seed101,gcn,bbknn_kperbatch2_donors12,101,test,13,0.8666666666666667,0.9333333333333333,2367,0.9522602450359104,0.9027561569294448
gcn_bbknn_kperbatch2_donors12_seed101,gcn,bbknn_kperbatch2_donors12,101,test,14,0.9333333333333333,1.0,9634,0.9901390907203653,0.9853160459643359
gcn_bbknn_kperbatch2_donors12_seed17,gcn,bbknn_kperbatch2_donors12,17,test,0,0.0,0.06666666666666667,0,0.0,0.03333333333333333
gcn_bbknn_kperbatch2_donors12_seed17,gcn,bbknn_kperbatch2_donors12,17,test,1,0.06666666666666667,0.13333333333333333,0,0.0,0.1
gcn_bbknn_kperbatch2_donors12_seed17,gcn,bbknn_kperbatch2_donors12,17,test,2,0.13333333333333333,0.2,4,0.25,0.19393999502062798
gcn_bbknn_kperbatch2_donors12_seed17,gcn,bbknn_kperbatch2_donors12,17,test,3,0.2,0.26666666666666666,48,0.25,0.24378265781948963
gcn_bbknn_kperbatch2_donors12_seed17,gcn,bbknn_kperbatch2_donors12,17,test,4,0.26666666666666666,0.3333333333333333,128,0.375,0.30442637694068253
gcn_bbknn_kperbatch2_donors12_seed17,gcn,bbknn_kperbatch2_donors12,17,test,5,0.3333333333333333,0.4,248,0.3790322580645161,0.36921372168487115
gcn_bbknn_kperbatch2_donors12_seed17,gcn,bbknn_kperbatch2_donors12,17,test,6,0.4,0.4666666666666667,437,0.5354691075514875,0.4367786893446331
gcn_bbknn_kperbatch2_donors12_seed17,gcn,bbknn_kperbatch2_donors12,17,test,7,0.4666666666666667,0.5333333333333333,704,0.5696022727272727,0.5009200596250594
gcn_bbknn_kperbatch2_donors12_seed17,gcn,bbknn_kperbatch2_donors12,17,test,8,0.5333333333333333,0.6,686,0.6574344023323615,0.5666960893149974
gcn_bbknn_kperbatch2_donors12_seed17,gcn,bbknn_kperbatch2_donors12,17,test,9,0.6,0.6666666666666666,785,0.7070063694267515,0.6335727245185026
gcn_bbknn_kperbatch2_donors12_seed17,gcn,bbknn_kperbatch2_donors12,17,test,10,0.6666666666666666,0.7333333333333333,870,0.7988505747126436,0.7021031703072033
gcn_bbknn_kperbatch2_donors12_seed17,gcn,bbknn_kperbatch2_donors12,17,test,11,0.7333333333333333,0.8,1162,0.8554216867469879,0.7685470150690686
gcn_bbknn_kperbatch2_donors12_seed17,gcn,bbknn_kperbatch2_donors12,17,test,12,0.8,0.8666666666666667,1578,0.9119138149556401,0.8354783345235769
gcn_bbknn_kperbatch2_donors12_seed17,gcn,bbknn_kperbatch2_donors12,17,test,13,0.8666666666666667,0.9333333333333333,2294,0.9520488230165649,0.9023851686284764
gcn_bbknn_kperbatch2_donors12_seed17,gcn,bbknn_kperbatch2_donors12,17,test,14,0.9333333333333333,1.0,9564,0.9896486825595985,0.9851207411885012
gcn_bbknn_kperbatch2_donors12_seed42,gcn,bbknn_kperbatch2_donors12,42,test,0,0.0,0.06666666666666667,0,0.0,0.03333333333333333
gcn_bbknn_kperbatch2_donors12_seed42,gcn,bbknn_kperbatch2_donors12,42,test,1,0.06666666666666667,0.13333333333333333,0,0.0,0.1
gcn_bbknn_kperbatch2_donors12_seed42,gcn,bbknn_kperbatch2_donors12,42,test,2,0.13333333333333333,0.2,1,1.0,0.18584170937538147
gcn_bbknn_kperbatch2_donors12_seed42,gcn,bbknn_kperbatch2_donors12,42,test,3,0.2,0.26666666666666666,41,0.2926829268292683,0.24101097809105385
gcn_bbknn_kperbatch2_donors12_seed42,gcn,bbknn_kperbatch2_donors12,42,test,4,0.26666666666666666,0.3333333333333333,134,0.3582089552238806,0.30512500343038074
gcn_bbknn_kperbatch2_donors12_seed42,gcn,bbknn_kperbatch2_donors12,42,test,5,0.3333333333333333,0.4,241,0.42738589211618255,0.3706006412684176
gcn_bbknn_kperbatch2_donors12_seed42,gcn,bbknn_kperbatch2_donors12,42,test,6,0.4,0.4666666666666667,433,0.47344110854503463,0.4369440698183161
gcn_bbknn_kperbatch2_donors12_seed42,gcn,bbknn_kperbatch2_donors12,42,test,7,0.4666666666666667,0.5333333333333333,655,0.5541984732824428,0.5008986519948216
gcn_bbknn_kperbatch2_donors12_seed42,gcn,bbknn_kperbatch2_donors12,42,test,8,0.5333333333333333,0.6,744,0.6478494623655914,0.5667091128967141
gcn_bbknn_kperbatch2_donors12_seed42,gcn,bbknn_kperbatch2_donors12,42,test,9,0.6,0.6666666666666666,724,0.712707182320442,0.6334848200583326
gcn_bbknn_kperbatch2_donors12_seed42,gcn,bbknn_kperbatch2_donors12,42,test,10,0.6666666666666666,0.7333333333333333,851,0.7873090481786134,0.7006310750538818
gcn_bbknn_kperbatch2_donors12_seed42,gcn,bbknn_kperbatch2_donors12,42,test,11,0.7333333333333333,0.8,1119,0.8516532618409294,0.7674950383090887
gcn_bbknn_kperbatch2_donors12_seed42,gcn,bbknn_kperbatch2_donors12,42,test,12,0.8,0.8666666666666667,1611,0.9025450031036624,0.8348881163854617
gcn_bbknn_kperbatch2_donors12_seed42,gcn,bbknn_kperbatch2_donors12,42,test,13,0.8666666666666667,0.9333333333333333,2382,0.9567590260285475,0.9022895047436433
gcn_bbknn_kperbatch2_donors12_seed42,gcn,bbknn_kperbatch2_donors12,42,test,14,0.9333333333333333,1.0,9572,0.9901796907647304,0.9854158958255921
gcn_bbknn_kperbatch2_donors12_seed7,gcn,bbknn_kperbatch2_donors12,7,test,0,0.0,0.06666666666666667,0,0.0,0.03333333333333333
gcn_bbknn_kperbatch2_donors12_seed7,gcn,bbknn_kperbatch2_donors12,7,test,1,0.06666666666666667,0.13333333333333333,0,0.0,0.1
gcn_bbknn_kperbatch2_donors12_seed7,gcn,bbknn_kperbatch2_donors12,7,test,2,0.13333333333333333,0.2,2,0.5,0.18761804699897766
gcn_bbknn_kperbatch2_donors12_seed7,gcn,bbknn_kperbatch2_donors12,7,test,3,0.2,0.26666666666666666,46,0.32608695652173914,0.24497441915066345
gcn_bbknn_kperbatch2_donors12_seed7,gcn,bbknn_kperbatch2_donors12,7,test,4,0.26666666666666666,0.3333333333333333,117,0.358974358974359,0.305482605074206
gcn_bbknn_kperbatch2_donors12_seed7,gcn,bbknn_kperbatch2_donors12,7,test,5,0.3333333333333333,0.4,268,0.44402985074626866,0.3694499868955185
gcn_bbknn_kperbatch2_donors12_seed7,gcn,bbknn_kperbatch2_donors12,7,test,6,0.4,0.4666666666666667,452,0.5,0.4360473607625582
gcn_bbknn_kperbatch2_donors12_seed7,gcn,bbknn_kperbatch2_donors12,7,test,7,0.4666666666666667,0.5333333333333333,688,0.5552325581395349,0.501996578865273
gcn_bbknn_kperbatch2_donors12_seed7,gcn,bbknn_kperbatch2_donors12,7,test,8,0.5333333333333333,0.6,700,0.6542857142857142,0.5669490344183785
gcn_bbknn_kperbatch2_donors12_seed7,gcn,bbknn_kperbatch2_donors12,7,test,9,0.6,0.6666666666666666,749,0.7169559412550067,0.6325441121418423
gcn_bbknn_kperbatch2_donors12_seed7,gcn,bbknn_kperbatch2_donors12,7,test,10,0.6666666666666666,0.7333333333333333,841,0.8026159334126041,0.7009189819183984
gcn_bbknn_kperbatch2_donors12_seed7,gcn,bbknn_kperbatch2_donors12,7,test,11,0.7333333333333333,0.8,1165,0.8412017167381974,0.7679105378527498
gcn_bbknn_kperbatch2_donors12_seed7,gcn,bbknn_kperbatch2_donors12,7,test,12,0.8,0.8666666666666667,1553,0.9104958145524791,0.8352017559240652
gcn_bbknn_kperbatch2_donors12_seed7,gcn,bbknn_kperbatch2_donors12,7,test,13,0.8666666666666667,0.9333333333333333,2318,0.953839516824849,0.9023905017953993
gcn_bbknn_kperbatch2_donors12_seed7,gcn,bbknn_kperbatch2_donors12,7,test,14,0.9333333333333333,1.0,9609,0.9902175044229369,0.9847331794209678
gcn_bbknn_kperbatch2_donors12_seed73,gcn,bbknn_kperbatch2_donors12,73,test,0,0.0,0.06666666666666667,0,0.0,0.03333333333333333
gcn_bbknn_kperbatch2_donors12_seed73,gcn,bbknn_kperbatch2_donors12,73,test,1,0.06666666666666667,0.13333333333333333,0,0.0,0.1
gcn_bbknn_kperbatch2_donors12_seed73,gcn,bbknn_kperbatch2_donors12,73,test,2,0.13333333333333333,0.2,1,0.0,0.19181060791015625
gcn_bbknn_kperbatch2_donors12_seed73,gcn,bbknn_kperbatch2_donors12,73,test,3,0.2,0.26666666666666666,42,0.38095238095238093,0.24307508695693242
gcn_bbknn_kperbatch2_donors12_seed73,gcn,bbknn_kperbatch2_donors12,73,test,4,0.26666666666666666,0.3333333333333333,131,0.3893129770992366,0.302427854019267
gcn_bbknn_kperbatch2_donors12_seed73,gcn,bbknn_kperbatch2_donors12,73,test,5,0.3333333333333333,0.4,277,0.4296028880866426,0.37069066250797644
gcn_bbknn_kperbatch2_donors12_seed73,gcn,bbknn_kperbatch2_donors12,73,test,6,0.4,0.4666666666666667,474,0.4957805907172996,0.43627661347137725
gcn_bbknn_kperbatch2_donors12_seed73,gcn,bbknn_kperbatch2_donors12,73,test,7,0.4666666666666667,0.5333333333333333,672,0.5729166666666666,0.5008423219301871
gcn_bbknn_kperbatch2_donors12_seed73,gcn,bbknn_kperbatch2_donors12,73,test,8,0.5333333333333333,0.6,704,0.6619318181818182,0.5672559683973138
gcn_bbknn_kperbatch2_donors12_seed73,gcn,bbknn_kperbatch2_donors12,73,test,9,0.6,0.6666666666666666,759,0.7154150197628458,0.6333853353467698
gcn_bbknn_kperbatch2_donors12_seed73,gcn,bbknn_kperbatch2_donors12,73,test,10,0.6666666666666666,0.7333333333333333,890,0.801123595505618,0.7023521564649732
gcn_bbknn_kperbatch2_donors12_seed73,gcn,bbknn_kperbatch2_donors12,73,test,11,0.7333333333333333,0.8,1127,0.8518189884649512,0.7685654922301725
gcn_bbknn_kperbatch2_donors12_seed73,gcn,bbknn_kperbatch2_donors12,73,test,12,0.8,0.8666666666666667,1630,0.9098159509202454,0.8345990599298769
gcn_bbknn_kperbatch2_donors12_seed73,gcn,bbknn_kperbatch2_donors12,73,test,13,0.8666666666666667,0.9333333333333333,2319,0.9534282018111255,0.9023040507620087
gcn_bbknn_kperbatch2_donors12_seed73,gcn,bbknn_kperbatch2_donors12,73,test,14,0.9333333333333333,1.0,9482,0.9901919426281375,0.9851629891128536
gcn_mutual_knn_reference_standard_query_k20_unweighted_seed101,gcn,mutual_knn_reference_standard_query_k20_unweighted,101,test,0,0.0,0.06666666666666667,0,0.0,0.03333333333333333
gcn_mutual_knn_reference_standard_query_k20_unweighted_seed101,gcn,mutual_knn_reference_standard_query_k20_unweighted,101,test,1,0.06666666666666667,0.13333333333333333,0,0.0,0.1
gcn_mutual_knn_reference_standard_query_k20_unweighted_seed101,gcn,mutual_knn_reference_standard_query_k20_unweighted,101,test,2,0.13333333333333333,0.2,0,0.0,0.16666666666666669
gcn_mutual_knn_reference_standard_query_k20_unweighted_seed101,gcn,mutual_knn_reference_standard_query_k20_unweighted,101,test,3,0.2,0.26666666666666666,0,0.0,0.23333333333333334
gcn_mutual_knn_reference_standard_query_k20_unweighted_seed101,gcn,mutual_knn_reference_standard_query_k20_unweighted,101,test,4,0.26666666666666666,0.3333333333333333,16,0.1875,0.30078449472784996
gcn_mutual_knn_reference_standard_query_k20_unweighted_seed101,gcn,mutual_knn_reference_standard_query_k20_unweighted,101,test,5,0.3333333333333333,0.4,49,0.3469387755102041,0.3743038481595565
gcn_mutual_knn_reference_standard_query_k20_unweighted_seed101,gcn,mutual_knn_reference_standard_query_k20_unweighted,101,test,6,0.4,0.4666666666666667,92,0.391304347826087,0.4405583787871444
gcn_mutual_knn_reference_standard_query_k20_unweighted_seed101,gcn,mutual_knn_reference_standard_query_k20_unweighted,101,test,7,0.4666666666666667,0.5333333333333333,242,0.4256198347107438,0.5070894297735751
gcn_mutual_knn_reference_standard_query_k20_unweighted_seed101,gcn,mutual_knn_reference_standard_query_k20_unweighted,101,test,8,0.5333333333333333,0.6,318,0.5,0.5673433568492625
gcn_mutual_knn_reference_standard_query_k20_unweighted_seed101,gcn,mutual_knn_reference_standard_query_k20_unweighted,101,test,9,0.6,0.6666666666666666,354,0.5,0.6329864381396838
gcn_mutual_knn_reference_standard_query_k20_unweighted_seed101,gcn,mutual_knn_reference_standard_query_k20_unweighted,101,test,10,0.6666666666666666,0.7333333333333333,370,0.5702702702702702,0.6988480664588309
gcn_mutual_knn_reference_standard_query_k20_unweighted_seed101,gcn,mutual_knn_reference_standard_query_k20_unweighted,101,test,11,0.7333333333333333,0.8,452,0.6261061946902655,0.7684847488340023
gcn_mutual_knn_reference_standard_query_k20_unweighted_seed101,gcn,mutual_knn_reference_standard_query_k20_unweighted,101,test,12,0.8,0.8666666666666667,566,0.6519434628975265,0.8344582576212529
gcn_mutual_knn_reference_standard_query_k20_unweighted_seed101,gcn,mutual_knn_reference_standard_query_k20_unweighted,101,test,13,0.8666666666666667,0.9333333333333333,1020,0.7205882352941176,0.9036252205862718
gcn_mutual_knn_reference_standard_query_k20_unweighted_seed101,gcn,mutual_knn_reference_standard_query_k20_unweighted,101,test,14,0.9333333333333333,1.0,15029,0.9507618604032204,0.9930363508492016
gcn_mutual_knn_reference_standard_query_k20_unweighted_seed17,gcn,mutual_knn_reference_standard_query_k20_unweighted,17,test,0,0.0,0.06666666666666667,0,0.0,0.03333333333333333
gcn_mutual_knn_reference_standard_query_k20_unweighted_seed17,gcn,mutual_knn_reference_standard_query_k20_unweighted,17,test,1,0.06666666666666667,0.13333333333333333,0,0.0,0.1
gcn_mutual_knn_reference_standard_query_k20_unweighted_seed17,gcn,mutual_knn_reference_standard_query_k20_unweighted,17,test,2,0.13333333333333333,0.2,0,0.0,0.16666666666666669
gcn_mutual_knn_reference_standard_query_k20_unweighted_seed17,gcn,mutual_knn_reference_standard_query_k20_unweighted,17,test,3,0.2,0.26666666666666666,2,0.5,0.2575787156820297
gcn_mutual_knn_reference_standard_query_k20_unweighted_seed17,gcn,mutual_knn_reference_standard_query_k20_unweighted,17,test,4,0.26666666666666666,0.3333333333333333,16,0.25,0.3067303579300642
gcn_mutual_knn_reference_standard_query_k20_unweighted_seed17,gcn,mutual_knn_reference_standard_query_k20_unweighted,17,test,5,0.3333333333333333,0.4,34,0.2647058823529412,0.36909572780132294
gcn_mutual_knn_reference_standard_query_k20_unweighted_seed17,gcn,mutual_knn_reference_standard_query_k20_unweighted,17,test,6,0.4,0.4666666666666667,106,0.3584905660377358,0.4368863547185682
gcn_mutual_knn_reference_standard_query_k20_unweighted_seed17,gcn,mutual_knn_reference_standard_query_k20_unweighted,17,test,7,0.4666666666666667,0.5333333333333333,237,0.4345991561181435,0.5060086701741199
gcn_mutual_knn_reference_standard_query_k20_unweighted_seed17,gcn,mutual_knn_reference_standard_query_k20_unweighted,17,test,8,0.5333333333333333,0.6,349,0.4899713467048711,0.5671286461688044
gcn_mutual_knn_reference_standard_query_k20_unweighted_seed17,gcn,mutual_knn_reference_standard_query_k20_unweighted,17,test,9,0.6,0.6666666666666666,338,0.5088757396449705,0.6332647149732127
gcn_mutual_knn_reference_standard_query_k20_unweighted_seed17,gcn,mutual_knn_reference_standard_query_k20_unweighted,17,test,10,0.6666666666666666,0.7333333333333333,371,0.5660377358490566,0.6992058260742866
gcn_mutual_knn_reference_standard_query_k20_unweighted_seed17,gcn,mutual_knn_reference_standard_query_k20_unweighted,17,test,11,0.7333333333333333,0.8,478,0.6464435146443515,0.7674781489322375
gcn_mutual_knn_reference_standard_query_k20_unweighted_seed17,gcn,mutual_knn_reference_standard_query_k20_unweighted,17,test,12,0.8,0.8666666666666667,566,0.6643109540636042,0.8350931165917602
gcn_mutual_knn_reference_standard_query_k20_unweighted_seed17,gcn,mutual_knn_reference_standard_query_k20_unweighted,17,test,13,0.8666666666666667,0.9333333333333333,1037,0.7203471552555448,0.9026080615380231
gcn_mutual_knn_reference_standard_query_k20_unweighted_seed17,gcn,mutual_knn_reference_standard_query_k20_unweighted,17,test,14,0.9333333333333333,1.0,14974,0.9501803125417391,0.9926977387787551
gcn_mutual_knn_reference_standard_query_k20_unweighted_seed42,gcn,mutual_knn_reference_standard_query_k20_unweighted,42,test,0,0.0,0.06666666666666667,0,0.0,0.03333333333333333
gcn_mutual_knn_reference_standard_query_k20_unweighted_seed42,gcn,mutual_knn_reference_standard_query_k20_unweighted,42,test,1,0.06666666666666667,0.13333333333333333,0,0.0,0.1
gcn_mutual_knn_reference_standard_query_k20_unweighted_seed42,gcn,mutual_knn_reference_standard_query_k20_unweighted,42,test,2,0.13333333333333333,0.2,0,0.0,0.16666666666666669
gcn_mutual_knn_reference_standard_query_k20_unweighted_seed42,gcn,mutual_knn_reference_standard_query_k20_unweighted,42,test,3,0.2,0.26666666666666666,1,0.0,0.24107606709003448
gcn_mutual_knn_reference_standard_query_k20_unweighted_seed42,gcn,mutual_knn_reference_standard_query_k20_unweighted,42,test,4,0.26666666666666666,0.3333333333333333,9,0.1111111111111111,0.30827296442455715
gcn_mutual_knn_reference_standard_query_k20_unweighted_seed42,gcn,mutual_knn_reference_standard_query_k20_unweighted,42,test,5,0.3333333333333333,0.4,40,0.175,0.3640315055847168
gcn_mutual_knn_reference_standard_query_k20_unweighted_seed42,gcn,mutual_knn_reference_standard_query_k20_unweighted,42,test,6,0.4,0.4666666666666667,96,0.375,0.4329958762973547
gcn_mutual_knn_reference_standard_query_k20_unweighted_seed42,gcn,mutual_knn_reference_standard_query_k20_unweighted,42,test,7,0.4666666666666667,0.5333333333333333,242,0.39669421487603307,0.5058152042637186
gcn_mutual_knn_reference_standard_query_k20_unweighted_seed42,gcn,mutual_knn_reference_standard_query_k20_unweighted,42,test,8,0.5333333333333333,0.6,328,0.4969512195121951,0.5663877256759783
gcn_mutual_knn_reference_standard_query_k20_unweighted_seed42,gcn,mutual_knn_reference_standard_query_k20_unweighted,42,test,9,0.6,0.6666666666666666,350,0.5,0.6327399919714246
gcn_mutual_knn_reference_standard_query_k20_unweighted_seed42,gcn,mutual_knn_reference_standard_query_k20_unweighted,42,test,10,0.6666666666666666,0.7333333333333333,375,0.552,0.7009558234214782
gcn_mutual_knn_reference_standard_query_k20_unweighted_seed42,gcn,mutual_knn_reference_standard_query_k20_unweighted,42,test,11,0.7333333333333333,0.8,452,0.6482300884955752,0.7694301948083185
gcn_mutual_knn_reference_standard_query_k20_unweighted_seed42,gcn,mutual_knn_reference_standard_query_k20_unweighted,42,test,12,0.8,0.8666666666666667,575,0.6452173913043479,0.8351998056536135
gcn_mutual_knn_reference_standard_query_k20_unweighted_seed42,gcn,mutual_knn_reference_standard_query_k20_unweighted,42,test,13,0.8666666666666667,0.9333333333333333,1013,0.7166831194471865,0.903738415782567
gcn_mutual_knn_reference_standard_query_k20_unweighted_seed42,gcn,mutual_knn_reference_standard_query_k20_unweighted,42,test,14,0.9333333333333333,1.0,15027,0.9515538697012045,0.9930142816958126
gcn_mutual_knn_reference_standard_query_k20_unweighted_seed7,gcn,mutual_knn_reference_standard_query_k20_unweighted,7,test,0,0.0,0.06666666666666667,0,0.0,0.03333333333333333
gcn_mutual_knn_reference_standard_query_k20_unweighted_seed7,gcn,mutual_knn_reference_standard_query_k20_unweighted,7,test,1,0.06666666666666667,0.13333333333333333,0,0.0,0.1
gcn_mutual_knn_reference_standard_query_k20_unweighted_seed7,gcn,mutual_knn_reference_standard_query_k20_unweighted,7,test,2,0.13333333333333333,0.2,0,0.0,0.16666666666666669
gcn_mutual_knn_reference_standard_query_k20_unweighted_seed7,gcn,mutual_knn_reference_standard_query_k20_unweighted,7,test,3,0.2,0.26666666666666666,0,0.0,0.23333333333333334
gcn_mutual_knn_reference_standard_query_k20_unweighted_seed7,gcn,mutual_knn_reference_standard_query_k20_unweighted,7,test,4,0.26666666666666666,0.3333333333333333,11,0.2727272727272727,0.30080102519555524
gcn_mutual_knn_reference_standard_query_k20_unweighted_seed7,gcn,mutual_knn_reference_standard_query_k20_unweighted,7,test,5,0.3333333333333333,0.4,38,0.23684210526315788,0.371867268493301
gcn_mutual_knn_reference_standard_query_k20_unweighted_seed7,gcn,mutual_knn_reference_standard_query_k20_unweighted,7,test,6,0.4,0.4666666666666667,80,0.3875,0.43577462546527385
gcn_mutual_knn_reference_standard_query_k20_unweighted_seed7,gcn,mutual_knn_reference_standard_query_k20_unweighted,7,test,7,0.4666666666666667,0.5333333333333333,255,0.4,0.5053526982372882
gcn_mutual_knn_reference_standard_query_k20_unweighted_seed7,gcn,mutual_knn_reference_standard_query_k20_unweighted,7,test,8,0.5333333333333333,0.6,339,0.4837758112094395,0.5678900427522913
gcn_mutual_knn_reference_standard_query_k20_unweighted_seed7,gcn,mutual_knn_reference_standard_query_k20_unweighted,7,test,9,0.6,0.6666666666666666,325,0.5046153846153846,0.6349038085570702
gcn_mutual_knn_reference_standard_query_k20_unweighted_seed7,gcn,mutual_knn_reference_standard_query_k20_unweighted,7,test,10,0.6666666666666666,0.7333333333333333,375,0.5893333333333334,0.7000898515383402
gcn_mutual_knn_reference_standard_query_k20_unweighted_seed7,gcn,mutual_knn_reference_standard_query_k20_unweighted,7,test,11,0.7333333333333333,0.8,453,0.6181015452538632,0.7669786354300728
gcn_mutual_knn_reference_standard_query_k20_unweighted_seed7,gcn,mutual_knn_reference_standard_query_k20_unweighted,7,test,12,0.8,0.8666666666666667,579,0.6545768566493955,0.8362842699406678
gcn_mutual_knn_reference_standard_query_k20_unweighted_seed7,gcn,mutual_knn_reference_standard_query_k20_unweighted,7,test,13,0.8666666666666667,0.9333333333333333,1021,0.7286973555337904,0.9036893030221735
gcn_mutual_knn_reference_standard_query_k20_unweighted_seed7,gcn,mutual_knn_reference_standard_query_k20_unweighted,7,test,14,0.9333333333333333,1.0,15032,0.9508382118147951,0.9929978396424338
gcn_mutual_knn_reference_standard_query_k20_unweighted_seed73,gcn,mutual_knn_reference_standard_query_k20_unweighted,73,test,0,0.0,0.06666666666666667,0,0.0,0.03333333333333333
gcn_mutual_knn_reference_standard_query_k20_unweighted_seed73,gcn,mutual_knn_reference_standard_query_k20_unweighted,73,test,1,0.06666666666666667,0.13333333333333333,0,0.0,0.1
gcn_mutual_knn_reference_standard_query_k20_unweighted_seed73,gcn,mutual_knn_reference_standard_query_k20_unweighted,73,test,2,0.13333333333333333,0.2,0,0.0,0.16666666666666669
gcn_mutual_knn_reference_standard_query_k20_unweighted_seed73,gcn,mutual_knn_reference_standard_query_k20_unweighted,73,test,3,0.2,0.26666666666666666,1,0.0,0.24990537762641907
gcn_mutual_knn_reference_standard_query_k20_unweighted_seed73,gcn,mutual_knn_reference_standard_query_k20_unweighted,73,test,4,0.26666666666666666,0.3333333333333333,20,0.3,0.3152511566877365
gcn_mutual_knn_reference_standard_query_k20_unweighted_seed73,gcn,mutual_knn_reference_standard_query_k20_unweighted,73,test,5,0.3333333333333333,0.4,34,0.3235294117647059,0.3707417433752733
gcn_mutual_knn_reference_standard_query_k20_unweighted_seed73,gcn,mutual_knn_reference_standard_query_k20_unweighted,73,test,6,0.4,0.4666666666666667,80,0.325,0.4369592323899269
gcn_mutual_knn_reference_standard_query_k20_unweighted_seed73,gcn,mutual_knn_reference_standard_query_k20_unweighted,73,test,7,0.4666666666666667,0.5333333333333333,271,0.39114391143911437,0.5064071123230501
gcn_mutual_knn_reference_standard_query_k20_unweighted_seed73,gcn,mutual_knn_reference_standard_query_k20_unweighted,73,test,8,0.5333333333333333,0.6,356,0.5252808988764045,0.5695019808043255
gcn_mutual_knn_reference_standard_query_k20_unweighted_seed73,gcn,mutual_knn_reference_standard_query_k20_unweighted,73,test,9,0.6,0.6666666666666666,344,0.5145348837209303,0.6327416553746822
gcn_mutual_knn_reference_standard_query_k20_unweighted_seed73,gcn,mutual_knn_reference_standard_query_k20_unweighted,73,test,10,0.6666666666666666,0.7333333333333333,338,0.5443786982248521,0.7018894590216981
gcn_mutual_knn_reference_standard_query_k20_unweighted_seed73,gcn,mutual_knn_reference_standard_query_k20_unweighted,73,test,11,0.7333333333333333,0.8,456,0.6337719298245614,0.7675063637526411
gcn_mutual_knn_reference_standard_query_k20_unweighted_seed73,gcn,mutual_knn_reference_standard_query_k20_unweighted,73,test,12,0.8,0.8666666666666667,597,0.6599664991624791,0.8356612918764302
gcn_mutual_knn_reference_standard_query_k20_unweighted_seed73,gcn,mutual_knn_reference_standard_query_k20_unweighted,73,test,13,0.8666666666666667,0.9333333333333333,1006,0.7176938369781312,0.903647982457997
gcn_mutual_knn_reference_standard_query_k20_unweighted_seed73,gcn,mutual_knn_reference_standard_query_k20_unweighted,73,test,14,0.9333333333333333,1.0,15005,0.9518160613128958,0.9930482755021944
gcn_pca_knn_k20_unweighted_seed101,gcn,pca_knn_k20_unweighted,101,test,0,0.0,0.06666666666666667,0,0.0,0.03333333333333333
gcn_pca_knn_k20_unweighted_seed101,gcn,pca_knn_k20_unweighted,101,test,1,0.06666666666666667,0.13333333333333333,0,0.0,0.1
gcn_pca_knn_k20_unweighted_seed101,gcn,pca_knn_k20_unweighted,101,test,2,0.13333333333333333,0.2,0,0.0,0.16666666666666669
gcn_pca_knn_k20_unweighted_seed101,gcn,pca_knn_k20_unweighted,101,test,3,0.2,0.26666666666666666,23,0.17391304347826086,0.24877216375392416
gcn_pca_knn_k20_unweighted_seed101,gcn,pca_knn_k20_unweighted,101,test,4,0.26666666666666666,0.3333333333333333,129,0.37209302325581395,0.3056066884088886
gcn_pca_knn_k20_unweighted_seed101,gcn,pca_knn_k20_unweighted,101,test,5,0.3333333333333333,0.4,291,0.41580756013745707,0.36607426425435696
gcn_pca_knn_k20_unweighted_seed101,gcn,pca_knn_k20_unweighted,101,test,6,0.4,0.4666666666666667,452,0.4579646017699115,0.4359425428298722
gcn_pca_knn_k20_unweighted_seed101,gcn,pca_knn_k20_unweighted,101,test,7,0.4666666666666667,0.5333333333333333,625,0.5472,0.5018138255119323
gcn_pca_knn_k20_unweighted_seed101,gcn,pca_knn_k20_unweighted,101,test,8,0.5333333333333333,0.6,647,0.6630602782071098,0.5660287284593125
gcn_pca_knn_k20_unweighted_seed101,gcn,pca_knn_k20_unweighted,101,test,9,0.6,0.6666666666666666,720,0.7069444444444445,0.6339255131781101
gcn_pca_knn_k20_unweighted_seed101,gcn,pca_knn_k20_unweighted,101,test,10,0.6666666666666666,0.7333333333333333,971,0.7816683831101957,0.7020523134392641
gcn_pca_knn_k20_unweighted_seed101,gcn,pca_knn_k20_unweighted,101,test,11,0.7333333333333333,0.8,1262,0.8724247226624405,0.76762026142205
gcn_pca_knn_k20_unweighted_seed101,gcn,pca_knn_k20_unweighted,101,test,12,0.8,0.8666666666666667,1627,0.9022741241548863,0.8344201209285762
gcn_pca_knn_k20_unweighted_seed101,gcn,pca_knn_k20_unweighted,101,test,13,0.8666666666666667,0.9333333333333333,2481,0.9451833937928255,0.9027652335906884
gcn_pca_knn_k20_unweighted_seed101,gcn,pca_knn_k20_unweighted,101,test,14,0.9333333333333333,1.0,9280,0.9925646551724138,0.9820109535329815
gcn_pca_knn_k20_unweighted_seed17,gcn,pca_knn_k20_unweighted,17,test,0,0.0,0.06666666666666667,0,0.0,0.03333333333333333
gcn_pca_knn_k20_unweighted_seed17,gcn,pca_knn_k20_unweighted,17,test,1,0.06666666666666667,0.13333333333333333,0,0.0,0.1
gcn_pca_knn_k20_unweighted_seed17,gcn,pca_knn_k20_unweighted,17,test,2,0.13333333333333333,0.2,1,0.0,0.18903757631778717
gcn_pca_knn_k20_unweighted_seed17,gcn,pca_knn_k20_unweighted,17,test,3,0.2,0.26666666666666666,21,0.3333333333333333,0.24729746792997634
gcn_pca_knn_k20_unweighted_seed17,gcn,pca_knn_k20_unweighted,17,test,4,0.26666666666666666,0.3333333333333333,104,0.3269230769230769,0.30806749829879176
gcn_pca_knn_k20_unweighted_seed17,gcn,pca_knn_k20_unweighted,17,test,5,0.3333333333333333,0.4,230,0.41304347826086957,0.37097368279229037
gcn_pca_knn_k20_unweighted_seed17,gcn,pca_knn_k20_unweighted,17,test,6,0.4,0.4666666666666667,383,0.4751958224543081,0.43570552357805614
gcn_pca_knn_k20_unweighted_seed17,gcn,pca_knn_k20_unweighted,17,test,7,0.4666666666666667,0.5333333333333333,628,0.5238853503184714,0.5004422363297195
gcn_pca_knn_k20_unweighted_seed17,gcn,pca_knn_k20_unweighted,17,test,8,0.5333333333333333,0.6,642,0.6199376947040498,0.5675950534061479
gcn_pca_knn_k20_unweighted_seed17,gcn,pca_knn_k20_unweighted,17,test,9,0.6,0.6666666666666666,718,0.7381615598885793,0.6342089574649141
gcn_pca_knn_k20_unweighted_seed17,gcn,pca_knn_k20_unweighted,17,test,10,0.6666666666666666,0.7333333333333333,912,0.7532894736842105,0.7015065964507429
gcn_pca_knn_k20_unweighted_seed17,gcn,pca_knn_k20_unweighted,17,test,11,0.7333333333333333,0.8,1214,0.8599670510708401,0.7676081116352679
gcn_pca_knn_k20_unweighted_seed17,gcn,pca_knn_k20_unweighted,17,test,12,0.8,0.8666666666666667,1620,0.9018518518518519,0.8343168193175469
gcn_pca_knn_k20_unweighted_seed17,gcn,pca_knn_k20_unweighted,17,test,13,0.8666666666666667,0.9333333333333333,2433,0.9420468557336621,0.9027183931451054
gcn_pca_knn_k20_unweighted_seed17,gcn,pca_knn_k20_unweighted,17,test,14,0.9333333333333333,1.0,9602,0.9913559675067695,0.9835970303933339
gcn_pca_knn_k20_unweighted_seed42,gcn,pca_knn_k20_unweighted,42,test,0,0.0,0.06666666666666667,0,0.0,0.03333333333333333
gcn_pca_knn_k20_unweighted_seed42,gcn,pca_knn_k20_unweighted,42,test,1,0.06666666666666667,0.13333333333333333,0,0.0,0.1
gcn_pca_knn_k20_unweighted_seed42,gcn,pca_knn_k20_unweighted,42,test,2,0.13333333333333333,0.2,1,0.0,0.19797658920288086
gcn_pca_knn_k20_unweighted_seed42,gcn,pca_knn_k20_unweighted,42,test,3,0.2,0.26666666666666666,11,0.2727272727272727,0.24563290043310684
gcn_pca_knn_k20_unweighted_seed42,gcn,pca_knn_k20_unweighted,42,test,4,0.26666666666666666,0.3333333333333333,112,0.25892857142857145,0.3055906242557934
gcn_pca_knn_k20_unweighted_seed42,gcn,pca_knn_k20_unweighted,42,test,5,0.3333333333333333,0.4,243,0.4156378600823045,0.36942206513243936
gcn_pca_knn_k20_unweighted_seed42,gcn,pca_knn_k20_unweighted,42,test,6,0.4,0.4666666666666667,420,0.4380952380952381,0.4370535800854365
gcn_pca_knn_k20_unweighted_seed42,gcn,pca_knn_k20_unweighted,42,test,7,0.4666666666666667,0.5333333333333333,604,0.5447019867549668,0.5001387768825948
gcn_pca_knn_k20_unweighted_seed42,gcn,pca_knn_k20_unweighted,42,test,8,0.5333333333333333,0.6,643,0.6080870917573873,0.5677193444031022
gcn_pca_knn_k20_unweighted_seed42,gcn,pca_knn_k20_unweighted,42,test,9,0.6,0.6666666666666666,709,0.7306064880112835,0.6349376146648767
gcn_pca_knn_k20_unweighted_seed42,gcn,pca_knn_k20_unweighted,42,test,10,0.6666666666666666,0.7333333333333333,910,0.7494505494505495,0.7010646113982567
gcn_pca_knn_k20_unweighted_seed42,gcn,pca_knn_k20_unweighted,42,test,11,0.7333333333333333,0.8,1239,0.8692493946731235,0.7679634653242294
gcn_pca_knn_k20_unweighted_seed42,gcn,pca_knn_k20_unweighted,42,test,12,0.8,0.8666666666666667,1652,0.9043583535108959,0.8348992534396723
gcn_pca_knn_k20_unweighted_seed42,gcn,pca_knn_k20_unweighted,42,test,13,0.8666666666666667,0.9333333333333333,2462,0.9406986190089358,0.9024795841192638
gcn_pca_knn_k20_unweighted_seed42,gcn,pca_knn_k20_unweighted,42,test,14,0.9333333333333333,1.0,9502,0.992212165859819,0.9833983871666313
gcn_pca_knn_k20_unweighted_seed7,gcn,pca_knn_k20_unweighted,7,test,0,0.0,0.06666666666666667,0,0.0,0.03333333333333333
gcn_pca_knn_k20_unweighted_seed7,gcn,pca_knn_k20_unweighted,7,test,1,0.06666666666666667,0.13333333333333333,0,0.0,0.1
gcn_pca_knn_k20_unweighted_seed7,gcn,pca_knn_k20_unweighted,7,test,2,0.13333333333333333,0.2,1,0.0,0.18770895898342133
gcn_pca_knn_k20_unweighted_seed7,gcn,pca_knn_k20_unweighted,7,test,3,0.2,0.26666666666666666,14,0.21428571428571427,0.2505337574652263
gcn_pca_knn_k20_unweighted_seed7,gcn,pca_knn_k20_unweighted,7,test,4,0.26666666666666666,0.3333333333333333,112,0.3125,0.30429169136498657
gcn_pca_knn_k20_unweighted_seed7,gcn,pca_knn_k20_unweighted,7,test,5,0.3333333333333333,0.4,278,0.4172661870503597,0.37033685066288324
gcn_pca_knn_k20_unweighted_seed7,gcn,pca_knn_k20_unweighted,7,test,6,0.4,0.4666666666666667,422,0.43364928909952605,0.43588003551508014
gcn_pca_knn_k20_unweighted_seed7,gcn,pca_knn_k20_unweighted,7,test,7,0.4666666666666667,0.5333333333333333,636,0.5424528301886793,0.5008360204175584
gcn_pca_knn_k20_unweighted_seed7,gcn,pca_knn_k20_unweighted,7,test,8,0.5333333333333333,0.6,645,0.6294573643410852,0.5670402965804403
gcn_pca_knn_k20_unweighted_seed7,gcn,pca_knn_k20_unweighted,7,test,9,0.6,0.6666666666666666,709,0.7291960507757405,0.6332134138713938
gcn_pca_knn_k20_unweighted_seed7,gcn,pca_knn_k20_unweighted,7,test,10,0.6666666666666666,0.7333333333333333,950,0.7726315789473684,0.7008361065387726
gcn_pca_knn_k20_unweighted_seed7,gcn,pca_knn_k20_unweighted,7,test,11,0.7333333333333333,0.8,1216,0.8544407894736842,0.7678806398456034
gcn_pca_knn_k20_unweighted_seed7,gcn,pca_knn_k20_unweighted,7,test,12,0.8,0.8666666666666667,1635,0.9009174311926605,0.8339996913522026
gcn_pca_knn_k20_unweighted_seed7,gcn,pca_knn_k20_unweighted,7,test,13,0.8666666666666667,0.9333333333333333,2424,0.9451320132013201,0.9029492936512031
gcn_pca_knn_k20_unweighted_seed7,gcn,pca_knn_k20_unweighted,7,test,14,0.9333333333333333,1.0,9466,0.9924994717937883,0.9818722492049669
gcn_pca_knn_k20_unweighted_seed73,gcn,pca_knn_k20_unweighted,73,test,0,0.0,0.06666666666666667,0,0.0,0.03333333333333333
gcn_pca_knn_k20_unweighted_seed73,gcn,pca_knn_k20_unweighted,73,test,1,0.06666666666666667,0.13333333333333333,0,0.0,0.1
gcn_pca_knn_k20_unweighted_seed73,gcn,pca_knn_k20_unweighted,73,test,2,0.13333333333333333,0.2,1,0.0,0.18514615297317505
gcn_pca_knn_k20_unweighted_seed73,gcn,pca_knn_k20_unweighted,73,test,3,0.2,0.26666666666666666,12,0.3333333333333333,0.2509221670528253
gcn_pca_knn_k20_unweighted_seed73,gcn,pca_knn_k20_unweighted,73,test,4,0.26666666666666666,0.3333333333333333,80,0.2625,0.30708230920135976
gcn_pca_knn_k20_unweighted_seed73,gcn,pca_knn_k20_unweighted,73,test,5,0.3333333333333333,0.4,212,0.36792452830188677,0.37006022190710286
gcn_pca_knn_k20_unweighted_seed73,gcn,pca_knn_k20_unweighted,73,test,6,0.4,0.4666666666666667,384,0.4791666666666667,0.43764122063294053
gcn_pca_knn_k20_unweighted_seed73,gcn,pca_knn_k20_unweighted,73,test,7,0.4666666666666667,0.5333333333333333,575,0.49217391304347824,0.5020942100752955
gcn_pca_knn_k20_unweighted_seed73,gcn,pca_knn_k20_unweighted,73,test,8,0.5333333333333333,0.6,630,0.6095238095238096,0.5676426729512594
gcn_pca_knn_k20_unweighted_seed73,gcn,pca_knn_k20_unweighted,73,test,9,0.6,0.6666666666666666,657,0.7123287671232876,0.6356045891342279
gcn_pca_knn_k20_unweighted_seed73,gcn,pca_knn_k20_unweighted,73,test,10,0.6666666666666666,0.7333333333333333,867,0.7600922722029988,0.7023513392731118
gcn_pca_knn_k20_unweighted_seed73,gcn,pca_knn_k20_unweighted,73,test,11,0.7333333333333333,0.8,1137,0.8425681618293756,0.7694808690822639
gcn_pca_knn_k20_unweighted_seed73,gcn,pca_knn_k20_unweighted,73,test,12,0.8,0.8666666666666667,1642,0.8964677222898904,0.8355718278638048
gcn_pca_knn_k20_unweighted_seed73,gcn,pca_knn_k20_unweighted,73,test,13,0.8666666666666667,0.9333333333333333,2373,0.9376316898440792,0.9031087854116514
gcn_pca_knn_k20_unweighted_seed73,gcn,pca_knn_k20_unweighted,73,test,14,0.9333333333333333,1.0,9938,0.9903401086737774,0.9839867791927516
gcn_pca_knn_k24_unweighted_seed101,gcn,pca_knn_k24_unweighted,101,test,0,0.0,0.06666666666666667,0,0.0,0.03333333333333333
gcn_pca_knn_k24_unweighted_seed101,gcn,pca_knn_k24_unweighted,101,test,1,0.06666666666666667,0.13333333333333333,0,0.0,0.1
gcn_pca_knn_k24_unweighted_seed101,gcn,pca_knn_k24_unweighted,101,test,2,0.13333333333333333,0.2,0,0.0,0.16666666666666669
gcn_pca_knn_k24_unweighted_seed101,gcn,pca_knn_k24_unweighted,101,test,3,0.2,0.26666666666666666,15,0.06666666666666667,0.24408191243807476
gcn_pca_knn_k24_unweighted_seed101,gcn,pca_knn_k24_unweighted,101,test,4,0.26666666666666666,0.3333333333333333,104,0.2980769230769231,0.30652243901903814
gcn_pca_knn_k24_unweighted_seed101,gcn,pca_knn_k24_unweighted,101,test,5,0.3333333333333333,0.4,222,0.5,0.37036062575675344
gcn_pca_knn_k24_unweighted_seed101,gcn,pca_knn_k24_unweighted,101,test,6,0.4,0.4666666666666667,387,0.40310077519379844,0.4360718429858678
gcn_pca_knn_k24_unweighted_seed101,gcn,pca_knn_k24_unweighted,101,test,7,0.4666666666666667,0.5333333333333333,581,0.5283993115318416,0.5000498004501329
gcn_pca_knn_k24_unweighted_seed101,gcn,pca_knn_k24_unweighted,101,test,8,0.5333333333333333,0.6,612,0.6029411764705882,0.5655599098189984
gcn_pca_knn_k24_unweighted_seed101,gcn,pca_knn_k24_unweighted,101,test,9,0.6,0.6666666666666666,695,0.7151079136690648,0.6331459013678187
gcn_pca_knn_k24_unweighted_seed101,gcn,pca_knn_k24_unweighted,101,test,10,0.6666666666666666,0.7333333333333333,875,0.7657142857142857,0.7007250578062875
gcn_pca_knn_k24_unweighted_seed101,gcn,pca_knn_k24_unweighted,101,test,11,0.7333333333333333,0.8,1160,0.8577586206896551,0.7676633280412904
gcn_pca_knn_k24_unweighted_seed101,gcn,pca_knn_k24_unweighted,101,test,12,0.8,0.8666666666666667,1668,0.894484412470024,0.8354138875250622
gcn_pca_knn_k24_unweighted_seed101,gcn,pca_knn_k24_unweighted,101,test,13,0.8666666666666667,0.9333333333333333,2388,0.9392797319932998,0.9033815750175185
gcn_pca_knn_k24_unweighted_seed101,gcn,pca_knn_k24_unweighted,101,test,14,0.9333333333333333,1.0,9801,0.9911233547597184,0.983681638713224
gcn_pca_knn_k24_unweighted_seed17,gcn,pca_knn_k24_unweighted,17,test,0,0.0,0.06666666666666667,0,0.0,0.03333333333333333
gcn_pca_knn_k24_unweighted_seed17,gcn,pca_knn_k24_unweighted,17,test,1,0.06666666666666667,0.13333333333333333,0,0.0,0.1
gcn_pca_knn_k24_unweighted_seed17,gcn,pca_knn_k24_unweighted,17,test,2,0.13333333333333333,0.2,1,0.0,0.18740250170230865
gcn_pca_knn_k24_unweighted_seed17,gcn,pca_knn_k24_unweighted,17,test,3,0.2,0.26666666666666666,20,0.15,0.25149672105908394
gcn_pca_knn_k24_unweighted_seed17,gcn,pca_knn_k24_unweighted,17,test,4,0.26666666666666666,0.3333333333333333,85,0.36470588235294116,0.3060891067280489
gcn_pca_knn_k24_unweighted_seed17,gcn,pca_knn_k24_unweighted,17,test,5,0.3333333333333333,0.4,223,0.452914798206278,0.37009486956981263
gcn_pca_knn_k24_unweighted_seed17,gcn,pca_knn_k24_unweighted,17,test,6,0.4,0.4666666666666667,369,0.4959349593495935,0.43588152867022567
gcn_pca_knn_k24_unweighted_seed17,gcn,pca_knn_k24_unweighted,17,test,7,0.4666666666666667,0.5333333333333333,598,0.49331103678929766,0.5008123293768203
gcn_pca_knn_k24_unweighted_seed17,gcn,pca_knn_k24_unweighted,17,test,8,0.5333333333333333,0.6,649,0.6317411402157165,0.5683963944438059
gcn_pca_knn_k24_unweighted_seed17,gcn,pca_knn_k24_unweighted,17,test,9,0.6,0.6666666666666666,681,0.697503671071953,0.6360787603998674
gcn_pca_knn_k24_unweighted_seed17,gcn,pca_knn_k24_unweighted,17,test,10,0.6666666666666666,0.7333333333333333,893,0.7793952967525196,0.7008820073334928
gcn_pca_knn_k24_unweighted_seed17,gcn,pca_knn_k24_unweighted,17,test,11,0.7333333333333333,0.8,1176,0.8520408163265306,0.7680549405160404
gcn_pca_knn_k24_unweighted_seed17,gcn,pca_knn_k24_unweighted,17,test,12,0.8,0.8666666666666667,1598,0.8967459324155194,0.8351152201692512
gcn_pca_knn_k24_unweighted_seed17,gcn,pca_knn_k24_unweighted,17,test,13,0.8666666666666667,0.9333333333333333,2423,0.9401568303755675,0.9027972475241591
gcn_pca_knn_k24_unweighted_seed17,gcn,pca_knn_k24_unweighted,17,test,14,0.9333333333333333,1.0,9792,0.9908088235294118,0.9839665420791682
gcn_pca_knn_k24_unweighted_seed42,gcn,pca_knn_k24_unweighted,42,test,0,0.0,0.06666666666666667,0,0.0,0.03333333333333333
gcn_pca_knn_k24_unweighted_seed42,gcn,pca_knn_k24_unweighted,42,test,1,0.06666666666666667,0.13333333333333333,0,0.0,0.1
gcn_pca_knn_k24_unweighted_seed42,gcn,pca_knn_k24_unweighted,42,test,2,0.13333333333333333,0.2,0,0.0,0.16666666666666669
gcn_pca_knn_k24_unweighted_seed42,gcn,pca_knn_k24_unweighted,42,test,3,0.2,0.26666666666666666,23,0.2608695652173913,0.2480394438557003
gcn_pca_knn_k24_unweighted_seed42,gcn,pca_knn_k24_unweighted,42,test,4,0.26666666666666666,0.3333333333333333,101,0.32673267326732675,0.30872448718193735
gcn_pca_knn_k24_unweighted_seed42,gcn,pca_knn_k24_unweighted,42,test,5,0.3333333333333333,0.4,248,0.41935483870967744,0.367695571193772
gcn_pca_knn_k24_unweighted_seed42,gcn,pca_knn_k24_unweighted,42,test,6,0.4,0.4666666666666667,375,0.416,0.4348172674179077
gcn_pca_knn_k24_unweighted_seed42,gcn,pca_knn_k24_unweighted,42,test,7,0.4666666666666667,0.5333333333333333,636,0.5062893081761006,0.4995297741777492
gcn_pca_knn_k24_unweighted_seed42,gcn,pca_knn_k24_unweighted,42,test,8,0.5333333333333333,0.6,640,0.646875,0.5671390103176236
gcn_pca_knn_k24_unweighted_seed42,gcn,pca_knn_k24_unweighted,42,test,9,0.6,0.6666666666666666,709,0.7094499294781382,0.6351103590977377
gcn_pca_knn_k24_unweighted_seed42,gcn,pca_knn_k24_unweighted,42,test,10,0.6666666666666666,0.7333333333333333,913,0.7590361445783133,0.7007538155292499
gcn_pca_knn_k24_unweighted_seed42,gcn,pca_knn_k24_unweighted,42,test,11,0.7333333333333333,0.8,1210,0.8611570247933884,0.768475209927756
gcn_pca_knn_k24_unweighted_seed42,gcn,pca_knn_k24_unweighted,42,test,12,0.8,0.8666666666666667,1676,0.9075178997613366,0.8353968110104449
gcn_pca_knn_k24_unweighted_seed42,gcn,pca_knn_k24_unweighted,42,test,13,0.8666666666666667,0.9333333333333333,2491,0.9413890004014452,0.9027372159569295
gcn_pca_knn_k24_unweighted_seed42,gcn,pca_knn_k24_unweighted,42,test,14,0.9333333333333333,1.0,9486,0.9920936116382036,0.9835258674488373
gcn_pca_knn_k24_unweighted_seed7,gcn,pca_knn_k24_unweighted,7,test,0,0.0,0.06666666666666667,0,0.0,0.03333333333333333
gcn_pca_knn_k24_unweighted_seed7,gcn,pca_knn_k24_unweighted,7,test,1,0.06666666666666667,0.13333333333333333,0,0.0,0.1
gcn_pca_knn_k24_unweighted_seed7,gcn,pca_knn_k24_unweighted,7,test,2,0.13333333333333333,0.2,1,0.0,0.18907314538955688
gcn_pca_knn_k24_unweighted_seed7,gcn,pca_knn_k24_unweighted,7,test,3,0.2,0.26666666666666666,9,0.1111111111111111,0.2546302146381802
gcn_pca_knn_k24_unweighted_seed7,gcn,pca_knn_k24_unweighted,7,test,4,0.26666666666666666,0.3333333333333333,82,0.3048780487804878,0.30761993113087444
gcn_pca_knn_k24_unweighted_seed7,gcn,pca_knn_k24_unweighted,7,test,5,0.3333333333333333,0.4,207,0.4396135265700483,0.370061570175604
gcn_pca_knn_k24_unweighted_seed7,gcn,pca_knn_k24_unweighted,7,test,6,0.4,0.4666666666666667,380,0.42894736842105263,0.4370788683232508
gcn_pca_knn_k24_unweighted_seed7,gcn,pca_knn_k24_unweighted,7,test,7,0.4666666666666667,0.5333333333333333,578,0.5190311418685121,0.4999618902544662
gcn_pca_knn_k24_unweighted_seed7,gcn,pca_knn_k24_unweighted,7,test,8,0.5333333333333333,0.6,610,0.5737704918032787,0.5671151575494985
gcn_pca_knn_k24_unweighted_seed7,gcn,pca_knn_k24_unweighted,7,test,9,0.6,0.6666666666666666,682,0.6994134897360704,0.6344043519839513
gcn_pca_knn_k24_unweighted_seed7,gcn,pca_knn_k24_unweighted,7,test,10,0.6666666666666666,0.7333333333333333,859,0.7741559953434226,0.700949662916874
gcn_pca_knn_k24_unweighted_seed7,gcn,pca_knn_k24_unweighted,7,test,11,0.7333333333333333,0.8,1148,0.8458188153310104,0.768504488447402
gcn_pca_knn_k24_unweighted_seed7,gcn,pca_knn_k24_unweighted,7,test,12,0.8,0.8666666666666667,1606,0.8872976338729763,0.8352551498493251
gcn_pca_knn_k24_unweighted_seed7,gcn,pca_knn_k24_unweighted,7,test,13,0.8666666666666667,0.9333333333333333,2357,0.9431480695799745,0.903048992991498
gcn_pca_knn_k24_unweighted_seed7,gcn,pca_knn_k24_unweighted,7,test,14,0.9333333333333333,1.0,9989,0.990289318250075,0.9835460931704154
gcn_pca_knn_k24_unweighted_seed73,gcn,pca_knn_k24_unweighted,73,test,0,0.0,0.06666666666666667,0,0.0,0.03333333333333333
gcn_pca_knn_k24_unweighted_seed73,gcn,pca_knn_k24_unweighted,73,test,1,0.06666666666666667,0.13333333333333333,0,0.0,0.1
gcn_pca_knn_k24_unweighted_seed73,gcn,pca_knn_k24_unweighted,73,test,2,0.13333333333333333,0.2,0,0.0,0.16666666666666669
gcn_pca_knn_k24_unweighted_seed73,gcn,pca_knn_k24_unweighted,73,test,3,0.2,0.26666666666666666,30,0.26666666666666666,0.24506816367308298
gcn_pca_knn_k24_unweighted_seed73,gcn,pca_knn_k24_unweighted,73,test,4,0.26666666666666666,0.3333333333333333,165,0.4121212121212121,0.3060127751393752
gcn_pca_knn_k24_unweighted_seed73,gcn,pca_knn_k24_unweighted,73,test,5,0.3333333333333333,0.4,259,0.4092664092664093,0.36931794467579904
gcn_pca_knn_k24_unweighted_seed73,gcn,pca_knn_k24_unweighted,73,test,6,0.4,0.4666666666666667,448,0.46875,0.4371231140435806
gcn_pca_knn_k24_unweighted_seed73,gcn,pca_knn_k24_unweighted,73,test,7,0.4666666666666667,0.5333333333333333,661,0.5582450832072617,0.5008090069903548
gcn_pca_knn_k24_unweighted_seed73,gcn,pca_knn_k24_unweighted,73,test,8,0.5333333333333333,0.6,633,0.6334913112164297,0.5654355001298925
gcn_pca_knn_k24_unweighted_seed73,gcn,pca_knn_k24_unweighted,73,test,9,0.6,0.6666666666666666,750,0.7186666666666667,0.6354189233779908
gcn_pca_knn_k24_unweighted_seed73,gcn,pca_knn_k24_unweighted,73,test,10,0.6666666666666666,0.7333333333333333,982,0.8034623217922607,0.7013753877759222
gcn_pca_knn_k24_unweighted_seed73,gcn,pca_knn_k24_unweighted,73,test,11,0.7333333333333333,0.8,1289,0.8588052754072925,0.7682821660933336
gcn_pca_knn_k24_unweighted_seed73,gcn,pca_knn_k24_unweighted,73,test,12,0.8,0.8666666666666667,1674,0.9157706093189965,0.8346605962108967
gcn_pca_knn_k24_unweighted_seed73,gcn,pca_knn_k24_unweighted,73,test,13,0.8666666666666667,0.9333333333333333,2511,0.9470330545599362,0.9020502022754999
gcn_pca_knn_k24_unweighted_seed73,gcn,pca_knn_k24_unweighted,73,test,14,0.9333333333333333,1.0,9106,0.9925323962222711,0.9812616619426497
gcn_pca_knn_k50_unweighted_seed101,gcn,pca_knn_k50_unweighted,101,test,0,0.0,0.06666666666666667,0,0.0,0.03333333333333333
gcn_pca_knn_k50_unweighted_seed101,gcn,pca_knn_k50_unweighted,101,test,1,0.06666666666666667,0.13333333333333333,0,0.0,0.1
gcn_pca_knn_k50_unweighted_seed101,gcn,pca_knn_k50_unweighted,101,test,2,0.13333333333333333,0.2,0,0.0,0.16666666666666669
gcn_pca_knn_k50_unweighted_seed101,gcn,pca_knn_k50_unweighted,101,test,3,0.2,0.26666666666666666,19,0.3157894736842105,0.2408095331568467
gcn_pca_knn_k50_unweighted_seed101,gcn,pca_knn_k50_unweighted,101,test,4,0.26666666666666666,0.3333333333333333,97,0.3402061855670103,0.304938025388521
gcn_pca_knn_k50_unweighted_seed101,gcn,pca_knn_k50_unweighted,101,test,5,0.3333333333333333,0.4,214,0.40186915887850466,0.3706775360575346
gcn_pca_knn_k50_unweighted_seed101,gcn,pca_knn_k50_unweighted,101,test,6,0.4,0.4666666666666667,375,0.45866666666666667,0.4362586592833201
gcn_pca_knn_k50_unweighted_seed101,gcn,pca_knn_k50_unweighted,101,test,7,0.4666666666666667,0.5333333333333333,581,0.5283993115318416,0.5013191375285131
gcn_pca_knn_k50_unweighted_seed101,gcn,pca_knn_k50_unweighted,101,test,8,0.5333333333333333,0.6,626,0.6246006389776357,0.5682965235207409
gcn_pca_knn_k50_unweighted_seed101,gcn,pca_knn_k50_unweighted,101,test,9,0.6,0.6666666666666666,705,0.6836879432624113,0.6338124861953952
gcn_pca_knn_k50_unweighted_seed101,gcn,pca_knn_k50_unweighted,101,test,10,0.6666666666666666,0.7333333333333333,780,0.7564102564102564,0.7006886021449016
gcn_pca_knn_k50_unweighted_seed101,gcn,pca_knn_k50_unweighted,101,test,11,0.7333333333333333,0.8,1127,0.839396628216504,0.7691362481151097
gcn_pca_knn_k50_unweighted_seed101,gcn,pca_knn_k50_unweighted,101,test,12,0.8,0.8666666666666667,1624,0.8977832512315271,0.8358730832344206
gcn_pca_knn_k50_unweighted_seed101,gcn,pca_knn_k50_unweighted,101,test,13,0.8666666666666667,0.9333333333333333,2476,0.9430533117932148,0.902944330396868
gcn_pca_knn_k50_unweighted_seed101,gcn,pca_knn_k50_unweighted,101,test,14,0.9333333333333333,1.0,9884,0.9899838122217726,0.9842180580334932
gcn_pca_knn_k50_unweighted_seed17,gcn,pca_knn_k50_unweighted,17,test,0,0.0,0.06666666666666667,0,0.0,0.03333333333333333
gcn_pca_knn_k50_unweighted_seed17,gcn,pca_knn_k50_unweighted,17,test,1,0.06666666666666667,0.13333333333333333,0,0.0,0.1
gcn_pca_knn_k50_unweighted_seed17,gcn,pca_knn_k50_unweighted,17,test,2,0.13333333333333333,0.2,0,0.0,0.16666666666666669
gcn_pca_knn_k50_unweighted_seed17,gcn,pca_knn_k50_unweighted,17,test,3,0.2,0.26666666666666666,19,0.21052631578947367,0.2382326824100394
gcn_pca_knn_k50_unweighted_seed17,gcn,pca_knn_k50_unweighted,17,test,4,0.26666666666666666,0.3333333333333333,103,0.36893203883495146,0.3073869390973767
gcn_pca_knn_k50_unweighted_seed17,gcn,pca_knn_k50_unweighted,17,test,5,0.3333333333333333,0.4,205,0.4585365853658537,0.3703736819872042
gcn_pca_knn_k50_unweighted_seed17,gcn,pca_knn_k50_unweighted,17,test,6,0.4,0.4666666666666667,395,0.4810126582278481,0.43599558367004876
gcn_pca_knn_k50_unweighted_seed17,gcn,pca_knn_k50_unweighted,17,test,7,0.4666666666666667,0.5333333333333333,584,0.5376712328767124,0.5020906935918005
gcn_pca_knn_k50_unweighted_seed17,gcn,pca_knn_k50_unweighted,17,test,8,0.5333333333333333,0.6,647,0.6027820710973725,0.5677528826309688
gcn_pca_knn_k50_unweighted_seed17,gcn,pca_knn_k50_unweighted,17,test,9,0.6,0.6666666666666666,743,0.7052489905787349,0.6352250988358283
gcn_pca_knn_k50_unweighted_seed17,gcn,pca_knn_k50_unweighted,17,test,10,0.6666666666666666,0.7333333333333333,796,0.7726130653266332,0.701654644168202
gcn_pca_knn_k50_unweighted_seed17,gcn,pca_knn_k50_unweighted,17,test,11,0.7333333333333333,0.8,1167,0.8346186803770351,0.7683317232254538
gcn_pca_knn_k50_unweighted_seed17,gcn,pca_knn_k50_unweighted,17,test,12,0.8,0.8666666666666667,1644,0.9038929440389294,0.8349774219548906
gcn_pca_knn_k50_unweighted_seed17,gcn,pca_knn_k50_unweighted,17,test,13,0.8666666666666667,0.9333333333333333,2443,0.9426934097421203,0.9031687945164084
gcn_pca_knn_k50_unweighted_seed17,gcn,pca_knn_k50_unweighted,17,test,14,0.9333333333333333,1.0,9762,0.9905757017004713,0.9839850338822724
gcn_pca_knn_k50_unweighted_seed42,gcn,pca_knn_k50_unweighted,42,test,0,0.0,0.06666666666666667,0,0.0,0.03333333333333333
gcn_pca_knn_k50_unweighted_seed42,gcn,pca_knn_k50_unweighted,42,test,1,0.06666666666666667,0.13333333333333333,0,0.0,0.1
gcn_pca_knn_k50_unweighted_seed42,gcn,pca_knn_k50_unweighted,42,test,2,0.13333333333333333,0.2,0,0.0,0.16666666666666669
gcn_pca_knn_k50_unweighted_seed42,gcn,pca_knn_k50_unweighted,42,test,3,0.2,0.26666666666666666,14,0.14285714285714285,0.24459490392889296
gcn_pca_knn_k50_unweighted_seed42,gcn,pca_knn_k50_unweighted,42,test,4,0.26666666666666666,0.3333333333333333,85,0.36470588235294116,0.3033254300846773
gcn_pca_knn_k50_unweighted_seed42,gcn,pca_knn_k50_unweighted,42,test,5,0.3333333333333333,0.4,217,0.3870967741935484,0.3713383406812694
gcn_pca_knn_k50_unweighted_seed42,gcn,pca_knn_k50_unweighted,42,test,6,0.4,0.4666666666666667,352,0.4744318181818182,0.43523276902057906
gcn_pca_knn_k50_unweighted_seed42,gcn,pca_knn_k50_unweighted,42,test,7,0.4666666666666667,0.5333333333333333,580,0.5120689655172413,0.5026396275080484
gcn_pca_knn_k50_unweighted_seed42,gcn,pca_knn_k50_unweighted,42,test,8,0.5333333333333333,0.6,632,0.6186708860759493,0.5687137861040574
gcn_pca_knn_k50_unweighted_seed42,gcn,pca_knn_k50_unweighted,42,test,9,0.6,0.6666666666666666,700,0.6857142857142857,0.6344343486002514
gcn_pca_knn_k50_unweighted_seed42,gcn,pca_knn_k50_unweighted,42,test,10,0.6666666666666666,0.7333333333333333,791,0.7572692793931732,0.7012698174125778
gcn_pca_knn_k50_unweighted_seed42,gcn,pca_knn_k50_unweighted,42,test,11,0.7333333333333333,0.8,1089,0.8328741965105602,0.7689155030403803
gcn_pca_knn_k50_unweighted_seed42,gcn,pca_knn_k50_unweighted,42,test,12,0.8,0.8666666666666667,1621,0.8963602714373843,0.8353296506559312
gcn_pca_knn_k50_unweighted_seed42,gcn,pca_knn_k50_unweighted,42,test,13,0.8666666666666667,0.9333333333333333,2498,0.9435548438751001,0.9022056538405849
gcn_pca_knn_k50_unweighted_seed42,gcn,pca_knn_k50_unweighted,42,test,14,0.9333333333333333,1.0,9929,0.9899284922952966,0.9843438775088686
gcn_pca_knn_k50_unweighted_seed7,gcn,pca_knn_k50_unweighted,7,test,0,0.0,0.06666666666666667,0,0.0,0.03333333333333333
gcn_pca_knn_k50_unweighted_seed7,gcn,pca_knn_k50_unweighted,7,test,1,0.06666666666666667,0.13333333333333333,0,0.0,0.1
gcn_pca_knn_k50_unweighted_seed7,gcn,pca_knn_k50_unweighted,7,test,2,0.13333333333333333,0.2,0,0.0,0.16666666666666669
gcn_pca_knn_k50_unweighted_seed7,gcn,pca_knn_k50_unweighted,7,test,3,0.2,0.26666666666666666,19,0.2631578947368421,0.24264744786839737
gcn_pca_knn_k50_unweighted_seed7,gcn,pca_knn_k50_unweighted,7,test,4,0.26666666666666666,0.3333333333333333,85,0.3764705882352941,0.30539247393608093
gcn_pca_knn_k50_unweighted_seed7,gcn,pca_knn_k50_unweighted,7,test,5,0.3333333333333333,0.4,243,0.42386831275720166,0.36856297136824806
gcn_pca_knn_k50_unweighted_seed7,gcn,pca_knn_k50_unweighted,7,test,6,0.4,0.4666666666666667,371,0.48517520215633425,0.4378316370303419
gcn_pca_knn_k50_unweighted_seed7,gcn,pca_knn_k50_unweighted,7,test,7,0.4666666666666667,0.5333333333333333,563,0.5328596802841918,0.5015437481776012
gcn_pca_knn_k50_unweighted_seed7,gcn,pca_knn_k50_unweighted,7,test,8,0.5333333333333333,0.6,656,0.5990853658536586,0.5681206396803623
gcn_pca_knn_k50_unweighted_seed7,gcn,pca_knn_k50_unweighted,7,test,9,0.6,0.6666666666666666,707,0.6888260254596889,0.6346002859307145
gcn_pca_knn_k50_unweighted_seed7,gcn,pca_knn_k50_unweighted,7,test,10,0.6666666666666666,0.7333333333333333,788,0.7601522842639594,0.7012627102094253
gcn_pca_knn_k50_unweighted_seed7,gcn,pca_knn_k50_unweighted,7,test,11,0.7333333333333333,0.8,1155,0.8346320346320346,0.7689707134709214
gcn_pca_knn_k50_unweighted_seed7,gcn,pca_knn_k50_unweighted,7,test,12,0.8,0.8666666666666667,1605,0.9015576323987539,0.8354689383432501
gcn_pca_knn_k50_unweighted_seed7,gcn,pca_knn_k50_unweighted,7,test,13,0.8666666666666667,0.9333333333333333,2448,0.9428104575163399,0.9027614729612871
gcn_pca_knn_k50_unweighted_seed7,gcn,pca_knn_k50_unweighted,7,test,14,0.9333333333333333,1.0,9868,0.9902715849209567,0.9835720923950085
gcn_pca_knn_k50_unweighted_seed73,gcn,pca_knn_k50_unweighted,73,test,0,0.0,0.06666666666666667,0,0.0,0.03333333333333333
gcn_pca_knn_k50_unweighted_seed73,gcn,pca_knn_k50_unweighted,73,test,1,0.06666666666666667,0.13333333333333333,0,0.0,0.1
gcn_pca_knn_k50_unweighted_seed73,gcn,pca_knn_k50_unweighted,73,test,2,0.13333333333333333,0.2,0,0.0,0.16666666666666669
gcn_pca_knn_k50_unweighted_seed73,gcn,pca_knn_k50_unweighted,73,test,3,0.2,0.26666666666666666,17,0.4117647058823529,0.2452118729843813
gcn_pca_knn_k50_unweighted_seed73,gcn,pca_knn_k50_unweighted,73,test,4,0.26666666666666666,0.3333333333333333,92,0.391304347826087,0.30634297527696774
gcn_pca_knn_k50_unweighted_seed73,gcn,pca_knn_k50_unweighted,73,test,5,0.3333333333333333,0.4,207,0.4057971014492754,0.36954045670044017
gcn_pca_knn_k50_unweighted_seed73,gcn,pca_knn_k50_unweighted,73,test,6,0.4,0.4666666666666667,351,0.4586894586894587,0.43492390661158115
gcn_pca_knn_k50_unweighted_seed73,gcn,pca_knn_k50_unweighted,73,test,7,0.4666666666666667,0.5333333333333333,582,0.5292096219931272,0.49941579224317756
gcn_pca_knn_k50_unweighted_seed73,gcn,pca_knn_k50_unweighted,73,test,8,0.5333333333333333,0.6,648,0.5910493827160493,0.567402023592113
gcn_pca_knn_k50_unweighted_seed73,gcn,pca_knn_k50_unweighted,73,test,9,0.6,0.6666666666666666,685,0.6934306569343066,0.6345951904345603
gcn_pca_knn_k50_unweighted_seed73,gcn,pca_knn_k50_unweighted,73,test,10,0.6666666666666666,0.7333333333333333,804,0.763681592039801,0.7014775147930307
gcn_pca_knn_k50_unweighted_seed73,gcn,pca_knn_k50_unweighted,73,test,11,0.7333333333333333,0.8,1118,0.8184257602862254,0.7694187027290597
gcn_pca_knn_k50_unweighted_seed73,gcn,pca_knn_k50_unweighted,73,test,12,0.8,0.8666666666666667,1632,0.9087009803921569,0.835757937136234
gcn_pca_knn_k50_unweighted_seed73,gcn,pca_knn_k50_unweighted,73,test,13,0.8666666666666667,0.9333333333333333,2488,0.9397106109324759,0.9033127364573754
gcn_pca_knn_k50_unweighted_seed73,gcn,pca_knn_k50_unweighted,73,test,14,0.9333333333333333,1.0,9884,0.9901861594496155,0.9843148046818787
graphsage_bbknn_kperbatch2_donors12_seed101,graphsage,bbknn_kperbatch2_donors12,101,test,0,0.0,0.06666666666666667,0,0.0,0.03333333333333333
graphsage_bbknn_kperbatch2_donors12_seed101,graphsage,bbknn_kperbatch2_donors12,101,test,1,0.06666666666666667,0.13333333333333333,0,0.0,0.1
graphsage_bbknn_kperbatch2_donors12_seed101,graphsage,bbknn_kperbatch2_donors12,101,test,2,0.13333333333333333,0.2,0,0.0,0.16666666666666669
graphsage_bbknn_kperbatch2_donors12_seed101,graphsage,bbknn_kperbatch2_donors12,101,test,3,0.2,0.26666666666666666,6,0.16666666666666666,0.2540065621336301
graphsage_bbknn_kperbatch2_donors12_seed101,graphsage,bbknn_kperbatch2_donors12,101,test,4,0.26666666666666666,0.3333333333333333,31,0.3548387096774194,0.31195802169461406
graphsage_bbknn_kperbatch2_donors12_seed101,graphsage,bbknn_kperbatch2_donors12,101,test,5,0.3333333333333333,0.4,111,0.5045045045045045,0.3711240519811441
graphsage_bbknn_kperbatch2_donors12_seed101,graphsage,bbknn_kperbatch2_donors12,101,test,6,0.4,0.4666666666666667,216,0.41203703703703703,0.43672614323872105
graphsage_bbknn_kperbatch2_donors12_seed101,graphsage,bbknn_kperbatch2_donors12,101,test,7,0.4666666666666667,0.5333333333333333,463,0.5205183585313174,0.5038527671255767
graphsage_bbknn_kperbatch2_donors12_seed101,graphsage,bbknn_kperbatch2_donors12,101,test,8,0.5333333333333333,0.6,461,0.6030368763557483,0.5680444363399597
graphsage_bbknn_kperbatch2_donors12_seed101,graphsage,bbknn_kperbatch2_donors12,101,test,9,0.6,0.6666666666666666,543,0.6500920810313076,0.6319871069537562
graphsage_bbknn_kperbatch2_donors12_seed101,graphsage,bbknn_kperbatch2_donors12,101,test,10,0.6666666666666666,0.7333333333333333,606,0.7112211221122112,0.7010760817787435
graphsage_bbknn_kperbatch2_donors12_seed101,graphsage,bbknn_kperbatch2_donors12,101,test,11,0.7333333333333333,0.8,719,0.8025034770514604,0.7685199058271416
graphsage_bbknn_kperbatch2_donors12_seed101,graphsage,bbknn_kperbatch2_donors12,101,test,12,0.8,0.8666666666666667,1053,0.8547008547008547,0.8344154921125936
graphsage_bbknn_kperbatch2_donors12_seed101,graphsage,bbknn_kperbatch2_donors12,101,test,13,0.8666666666666667,0.9333333333333333,1787,0.919418019026301,0.9038265599641442
graphsage_bbknn_kperbatch2_donors12_seed101,graphsage,bbknn_kperbatch2_donors12,101,test,14,0.9333333333333333,1.0,12512,0.9834558823529411,0.9877213309792912
graphsage_bbknn_kperbatch2_donors12_seed17,graphsage,bbknn_kperbatch2_donors12,17,test,0,0.0,0.06666666666666667,0,0.0,0.03333333333333333
graphsage_bbknn_kperbatch2_donors12_seed17,graphsage,bbknn_kperbatch2_donors12,17,test,1,0.06666666666666667,0.13333333333333333,0,0.0,0.1
graphsage_bbknn_kperbatch2_donors12_seed17,graphsage,bbknn_kperbatch2_donors12,17,test,2,0.13333333333333333,0.2,0,0.0,0.16666666666666669
graphsage_bbknn_kperbatch2_donors12_seed17,graphsage,bbknn_kperbatch2_donors12,17,test,3,0.2,0.26666666666666666,6,0.0,0.24802235017220178
graphsage_bbknn_kperbatch2_donors12_seed17,graphsage,bbknn_kperbatch2_donors12,17,test,4,0.26666666666666666,0.3333333333333333,46,0.3695652173913043,0.30967113829177356
graphsage_bbknn_kperbatch2_donors12_seed17,graphsage,bbknn_kperbatch2_donors12,17,test,5,0.3333333333333333,0.4,120,0.49166666666666664,0.3721989803016186
graphsage_bbknn_kperbatch2_donors12_seed17,graphsage,bbknn_kperbatch2_donors12,17,test,6,0.4,0.4666666666666667,235,0.4127659574468085,0.4372338984874969
graphsage_bbknn_kperbatch2_donors12_seed17,graphsage,bbknn_kperbatch2_donors12,17,test,7,0.4666666666666667,0.5333333333333333,496,0.5463709677419355,0.503321640493889
graphsage_bbknn_kperbatch2_donors12_seed17,graphsage,bbknn_kperbatch2_donors12,17,test,8,0.5333333333333333,0.6,532,0.6146616541353384,0.5676608113642025
graphsage_bbknn_kperbatch2_donors12_seed17,graphsage,bbknn_kperbatch2_donors12,17,test,9,0.6,0.6666666666666666,594,0.6346801346801347,0.6345515909419718
graphsage_bbknn_kperbatch2_donors12_seed17,graphsage,bbknn_kperbatch2_donors12,17,test,10,0.6666666666666666,0.7333333333333333,654,0.746177370030581,0.6994796440871119
graphsage_bbknn_kperbatch2_donors12_seed17,graphsage,bbknn_kperbatch2_donors12,17,test,11,0.7333333333333333,0.8,813,0.8142681426814268,0.7681529637778963
graphsage_bbknn_kperbatch2_donors12_seed17,graphsage,bbknn_kperbatch2_donors12,17,test,12,0.8,0.8666666666666667,1115,0.8753363228699551,0.8359926478745157
graphsage_bbknn_kperbatch2_donors12_seed17,graphsage,bbknn_kperbatch2_donors12,17,test,13,0.8666666666666667,0.9333333333333333,1945,0.9275064267352185,0.9035388990968543
graphsage_bbknn_kperbatch2_donors12_seed17,graphsage,bbknn_kperbatch2_donors12,17,test,14,0.9333333333333333,1.0,11952,0.9850234270414994,0.9873637763441726
graphsage_bbknn_kperbatch2_donors12_seed42,graphsage,bbknn_kperbatch2_donors12,42,test,0,0.0,0.06666666666666667,0,0.0,0.03333333333333333
graphsage_bbknn_kperbatch2_donors12_seed42,graphsage,bbknn_kperbatch2_donors12,42,test,1,0.06666666666666667,0.13333333333333333,0,0.0,0.1
graphsage_bbknn_kperbatch2_donors12_seed42,graphsage,bbknn_kperbatch2_donors12,42,test,2,0.13333333333333333,0.2,0,0.0,0.16666666666666669
graphsage_bbknn_kperbatch2_donors12_seed42,graphsage,bbknn_kperbatch2_donors12,42,test,3,0.2,0.26666666666666666,4,0.0,0.24867701902985573
graphsage_bbknn_kperbatch2_donors12_seed42,graphsage,bbknn_kperbatch2_donors12,42,test,4,0.26666666666666666,0.3333333333333333,32,0.34375,0.3044924261048436
graphsage_bbknn_kperbatch2_donors12_seed42,graphsage,bbknn_kperbatch2_donors12,42,test,5,0.3333333333333333,0.4,107,0.42990654205607476,0.37351928386732797
graphsage_bbknn_kperbatch2_donors12_seed42,graphsage,bbknn_kperbatch2_donors12,42,test,6,0.4,0.4666666666666667,203,0.45320197044334976,0.43554821360874646
graphsage_bbknn_kperbatch2_donors12_seed42,graphsage,bbknn_kperbatch2_donors12,42,test,7,0.4666666666666667,0.5333333333333333,508,0.5393700787401575,0.5028899119594904
graphsage_bbknn_kperbatch2_donors12_seed42,graphsage,bbknn_kperbatch2_donors12,42,test,8,0.5333333333333333,0.6,503,0.610337972166998,0.568856176988742
graphsage_bbknn_kperbatch2_donors12_seed42,graphsage,bbknn_kperbatch2_donors12,42,test,9,0.6,0.6666666666666666,550,0.6127272727272727,0.6351655477827246
graphsage_bbknn_kperbatch2_donors12_seed42,graphsage,bbknn_kperbatch2_donors12,42,test,10,0.6666666666666666,0.7333333333333333,621,0.7342995169082126,0.7001912077459929
graphsage_bbknn_kperbatch2_donors12_seed42,graphsage,bbknn_kperbatch2_donors12,42,test,11,0.7333333333333333,0.8,828,0.8091787439613527,0.7678188212251894
graphsage_bbknn_kperbatch2_donors12_seed42,graphsage,bbknn_kperbatch2_donors12,42,test,12,0.8,0.8666666666666667,1071,0.8683473389355743,0.8355240510736638
graphsage_bbknn_kperbatch2_donors12_seed42,graphsage,bbknn_kperbatch2_donors12,42,test,13,0.8666666666666667,0.9333333333333333,1858,0.9235737351991389,0.9039144471400007
graphsage_bbknn_kperbatch2_donors12_seed42,graphsage,bbknn_kperbatch2_donors12,42,test,14,0.9333333333333333,1.0,12223,0.9855191033297881,0.9874902522174795
graphsage_bbknn_kperbatch2_donors12_seed7,graphsage,bbknn_kperbatch2_donors12,7,test,0,0.0,0.06666666666666667,0,0.0,0.03333333333333333
graphsage_bbknn_kperbatch2_donors12_seed7,graphsage,bbknn_kperbatch2_donors12,7,test,1,0.06666666666666667,0.13333333333333333,0,0.0,0.1
graphsage_bbknn_kperbatch2_donors12_seed7,graphsage,bbknn_kperbatch2_donors12,7,test,2,0.13333333333333333,0.2,0,0.0,0.16666666666666669
graphsage_bbknn_kperbatch2_donors12_seed7,graphsage,bbknn_kperbatch2_donors12,7,test,3,0.2,0.26666666666666666,14,0.35714285714285715,0.2461317139012473
graphsage_bbknn_kperbatch2_donors12_seed7,graphsage,bbknn_kperbatch2_donors12,7,test,4,0.26666666666666666,0.3333333333333333,62,0.3870967741935484,0.30801531287931627
graphsage_bbknn_kperbatch2_donors12_seed7,graphsage,bbknn_kperbatch2_donors12,7,test,5,0.3333333333333333,0.4,151,0.4900662251655629,0.3696241518914305
graphsage_bbknn_kperbatch2_donors12_seed7,graphsage,bbknn_kperbatch2_donors12,7,test,6,0.4,0.4666666666666667,277,0.5234657039711191,0.4363809774498647
graphsage_bbknn_kperbatch2_donors12_seed7,graphsage,bbknn_kperbatch2_donors12,7,test,7,0.4666666666666667,0.5333333333333333,559,0.5456171735241503,0.5026862524276556
graphsage_bbknn_kperbatch2_donors12_seed7,graphsage,bbknn_kperbatch2_donors12,7,test,8,0.5333333333333333,0.6,591,0.6446700507614214,0.567189341067461
graphsage_bbknn_kperbatch2_donors12_seed7,graphsage,bbknn_kperbatch2_donors12,7,test,9,0.6,0.6666666666666666,650,0.68,0.6336988817728483
graphsage_bbknn_kperbatch2_donors12_seed7,graphsage,bbknn_kperbatch2_donors12,7,test,10,0.6666666666666666,0.7333333333333333,742,0.7506738544474394,0.7016531495713803
graphsage_bbknn_kperbatch2_donors12_seed7,graphsage,bbknn_kperbatch2_donors12,7,test,11,0.7333333333333333,0.8,943,0.8335100742311771,0.767704456254508
graphsage_bbknn_kperbatch2_donors12_seed7,graphsage,bbknn_kperbatch2_donors12,7,test,12,0.8,0.8666666666666667,1324,0.8874622356495468,0.835335821588594
graphsage_bbknn_kperbatch2_donors12_seed7,graphsage,bbknn_kperbatch2_donors12,7,test,13,0.8666666666666667,0.9333333333333333,1940,0.9314432989690722,0.9027288197856589
graphsage_bbknn_kperbatch2_donors12_seed7,graphsage,bbknn_kperbatch2_donors12,7,test,14,0.9333333333333333,1.0,11255,0.9877387827632164,0.98683196840049
graphsage_bbknn_kperbatch2_donors12_seed73,graphsage,bbknn_kperbatch2_donors12,73,test,0,0.0,0.06666666666666667,0,0.0,0.03333333333333333
graphsage_bbknn_kperbatch2_donors12_seed73,graphsage,bbknn_kperbatch2_donors12,73,test,1,0.06666666666666667,0.13333333333333333,0,0.0,0.1
graphsage_bbknn_kperbatch2_donors12_seed73,graphsage,bbknn_kperbatch2_donors12,73,test,2,0.13333333333333333,0.2,0,0.0,0.16666666666666669
graphsage_bbknn_kperbatch2_donors12_seed73,graphsage,bbknn_kperbatch2_donors12,73,test,3,0.2,0.26666666666666666,5,0.0,0.24424228966236114
graphsage_bbknn_kperbatch2_donors12_seed73,graphsage,bbknn_kperbatch2_donors12,73,test,4,0.26666666666666666,0.3333333333333333,28,0.32142857142857145,0.3090258985757828
graphsage_bbknn_kperbatch2_donors12_seed73,graphsage,bbknn_kperbatch2_donors12,73,test,5,0.3333333333333333,0.4,100,0.46,0.3722291749715805
graphsage_bbknn_kperbatch2_donors12_seed73,graphsage,bbknn_kperbatch2_donors12,73,test,6,0.4,0.4666666666666667,222,0.4774774774774775,0.4356189414456084
graphsage_bbknn_kperbatch2_donors12_seed73,graphsage,bbknn_kperbatch2_donors12,73,test,7,0.4666666666666667,0.5333333333333333,443,0.5553047404063205,0.5014552356965386
graphsage_bbknn_kperbatch2_donors12_seed73,graphsage,bbknn_kperbatch2_donors12,73,test,8,0.5333333333333333,0.6,525,0.6171428571428571,0.5670624973660424
graphsage_bbknn_kperbatch2_donors12_seed73,graphsage,bbknn_kperbatch2_donors12,73,test,9,0.6,0.6666666666666666,550,0.6090909090909091,0.6329186392914166
graphsage_bbknn_kperbatch2_donors12_seed73,graphsage,bbknn_kperbatch2_donors12,73,test,10,0.6666666666666666,0.7333333333333333,639,0.7355242566510172,0.7011112558636494
graphsage_bbknn_kperbatch2_donors12_seed73,graphsage,bbknn_kperbatch2_donors12,73,test,11,0.7333333333333333,0.8,784,0.8022959183673469,0.7678242185134061
graphsage_bbknn_kperbatch2_donors12_seed73,graphsage,bbknn_kperbatch2_donors12,73,test,12,0.8,0.8666666666666667,1064,0.8656015037593985,0.8346828371846586
graphsage_bbknn_kperbatch2_donors12_seed73,graphsage,bbknn_kperbatch2_donors12,73,test,13,0.8666666666666667,0.9333333333333333,1871,0.9214323890967397,0.9045699707076614
graphsage_bbknn_kperbatch2_donors12_seed73,graphsage,bbknn_kperbatch2_donors12,73,test,14,0.9333333333333333,1.0,12277,0.9847682658629958,0.9875754117577299
graphsage_mutual_knn_reference_standard_query_k20_unweighted_seed101,graphsage,mutual_knn_reference_standard_query_k20_unweighted,101,test,0,0.0,0.06666666666666667,0,0.0,0.03333333333333333
graphsage_mutual_knn_reference_standard_query_k20_unweighted_seed101,graphsage,mutual_knn_reference_standard_query_k20_unweighted,101,test,1,0.06666666666666667,0.13333333333333333,0,0.0,0.1
graphsage_mutual_knn_reference_standard_query_k20_unweighted_seed101,graphsage,mutual_knn_reference_standard_query_k20_unweighted,101,test,2,0.13333333333333333,0.2,0,0.0,0.16666666666666669
graphsage_mutual_knn_reference_standard_query_k20_unweighted_seed101,graphsage,mutual_knn_reference_standard_query_k20_unweighted,101,test,3,0.2,0.26666666666666666,3,0.3333333333333333,0.2551070650418599
graphsage_mutual_knn_reference_standard_query_k20_unweighted_seed101,graphsage,mutual_knn_reference_standard_query_k20_unweighted,101,test,4,0.26666666666666666,0.3333333333333333,33,0.2727272727272727,0.3058424077250741
graphsage_mutual_knn_reference_standard_query_k20_unweighted_seed101,graphsage,mutual_knn_reference_standard_query_k20_unweighted,101,test,5,0.3333333333333333,0.4,97,0.38144329896907214,0.37131606549331825
graphsage_mutual_knn_reference_standard_query_k20_unweighted_seed101,graphsage,mutual_knn_reference_standard_query_k20_unweighted,101,test,6,0.4,0.4666666666666667,203,0.49261083743842365,0.4366004160178706
graphsage_mutual_knn_reference_standard_query_k20_unweighted_seed101,graphsage,mutual_knn_reference_standard_query_k20_unweighted,101,test,7,0.4666666666666667,0.5333333333333333,375,0.504,0.5035268494288127
graphsage_mutual_knn_reference_standard_query_k20_unweighted_seed101,graphsage,mutual_knn_reference_standard_query_k20_unweighted,101,test,8,0.5333333333333333,0.6,492,0.5914634146341463,0.5670898548228954
graphsage_mutual_knn_reference_standard_query_k20_unweighted_seed101,graphsage,mutual_knn_reference_standard_query_k20_unweighted,101,test,9,0.6,0.6666666666666666,533,0.6454033771106942,0.6343543831447723
graphsage_mutual_knn_reference_standard_query_k20_unweighted_seed101,graphsage,mutual_knn_reference_standard_query_k20_unweighted,101,test,10,0.6666666666666666,0.7333333333333333,597,0.6800670016750419,0.7004109640017626
graphsage_mutual_knn_reference_standard_query_k20_unweighted_seed101,graphsage,mutual_knn_reference_standard_query_k20_unweighted,101,test,11,0.7333333333333333,0.8,742,0.77088948787062,0.7681415599150799
graphsage_mutual_knn_reference_standard_query_k20_unweighted_seed101,graphsage,mutual_knn_reference_standard_query_k20_unweighted,101,test,12,0.8,0.8666666666666667,1042,0.8397312859884837,0.8347692453586666
graphsage_mutual_knn_reference_standard_query_k20_unweighted_seed101,graphsage,mutual_knn_reference_standard_query_k20_unweighted,101,test,13,0.8666666666666667,0.9333333333333333,1627,0.8967424708051629,0.9042495675591068
graphsage_mutual_knn_reference_standard_query_k20_unweighted_seed101,graphsage,mutual_knn_reference_standard_query_k20_unweighted,101,test,14,0.9333333333333333,1.0,12764,0.9831557505484174,0.9885489162336656
graphsage_mutual_knn_reference_standard_query_k20_unweighted_seed17,graphsage,mutual_knn_reference_standard_query_k20_unweighted,17,test,0,0.0,0.06666666666666667,0,0.0,0.03333333333333333
graphsage_mutual_knn_reference_standard_query_k20_unweighted_seed17,graphsage,mutual_knn_reference_standard_query_k20_unweighted,17,test,1,0.06666666666666667,0.13333333333333333,0,0.0,0.1
graphsage_mutual_knn_reference_standard_query_k20_unweighted_seed17,graphsage,mutual_knn_reference_standard_query_k20_unweighted,17,test,2,0.13333333333333333,0.2,0,0.0,0.16666666666666669
graphsage_mutual_knn_reference_standard_query_k20_unweighted_seed17,graphsage,mutual_knn_reference_standard_query_k20_unweighted,17,test,3,0.2,0.26666666666666666,3,0.6666666666666666,0.2209730992714564
graphsage_mutual_knn_reference_standard_query_k20_unweighted_seed17,graphsage,mutual_knn_reference_standard_query_k20_unweighted,17,test,4,0.26666666666666666,0.3333333333333333,30,0.26666666666666666,0.31201443473498025
graphsage_mutual_knn_reference_standard_query_k20_unweighted_seed17,graphsage,mutual_knn_reference_standard_query_k20_unweighted,17,test,5,0.3333333333333333,0.4,89,0.4606741573033708,0.3706595961297496
graphsage_mutual_knn_reference_standard_query_k20_unweighted_seed17,graphsage,mutual_knn_reference_standard_query_k20_unweighted,17,test,6,0.4,0.4666666666666667,162,0.5493827160493827,0.43805824661696396
graphsage_mutual_knn_reference_standard_query_k20_unweighted_seed17,graphsage,mutual_knn_reference_standard_query_k20_unweighted,17,test,7,0.4666666666666667,0.5333333333333333,383,0.5378590078328982,0.5044976908606587
graphsage_mutual_knn_reference_standard_query_k20_unweighted_seed17,graphsage,mutual_knn_reference_standard_query_k20_unweighted,17,test,8,0.5333333333333333,0.6,481,0.5904365904365905,0.5672413934788932
graphsage_mutual_knn_reference_standard_query_k20_unweighted_seed17,graphsage,mutual_knn_reference_standard_query_k20_unweighted,17,test,9,0.6,0.6666666666666666,515,0.625242718446602,0.6335519187658736
graphsage_mutual_knn_reference_standard_query_k20_unweighted_seed17,graphsage,mutual_knn_reference_standard_query_k20_unweighted,17,test,10,0.6666666666666666,0.7333333333333333,556,0.6924460431654677,0.7011178909874648
graphsage_mutual_knn_reference_standard_query_k20_unweighted_seed17,graphsage,mutual_knn_reference_standard_query_k20_unweighted,17,test,11,0.7333333333333333,0.8,754,0.7480106100795756,0.7675769201008015
graphsage_mutual_knn_reference_standard_query_k20_unweighted_seed17,graphsage,mutual_knn_reference_standard_query_k20_unweighted,17,test,12,0.8,0.8666666666666667,1026,0.8469785575048733,0.8345231905899085
graphsage_mutual_knn_reference_standard_query_k20_unweighted_seed17,graphsage,mutual_knn_reference_standard_query_k20_unweighted,17,test,13,0.8666666666666667,0.9333333333333333,1594,0.8977415307402761,0.9043114454189837
graphsage_mutual_knn_reference_standard_query_k20_unweighted_seed17,graphsage,mutual_knn_reference_standard_query_k20_unweighted,17,test,14,0.9333333333333333,1.0,12915,0.9824235385210995,0.9886120853569911
graphsage_mutual_knn_reference_standard_query_k20_unweighted_seed42,graphsage,mutual_knn_reference_standard_query_k20_unweighted,42,test,0,0.0,0.06666666666666667,0,0.0,0.03333333333333333
graphsage_mutual_knn_reference_standard_query_k20_unweighted_seed42,graphsage,mutual_knn_reference_standard_query_k20_unweighted,42,test,1,0.06666666666666667,0.13333333333333333,0,0.0,0.1
graphsage_mutual_knn_reference_standard_query_k20_unweighted_seed42,graphsage,mutual_knn_reference_standard_query_k20_unweighted,42,test,2,0.13333333333333333,0.2,0,0.0,0.16666666666666669
graphsage_mutual_knn_reference_standard_query_k20_unweighted_seed42,graphsage,mutual_knn_reference_standard_query_k20_unweighted,42,test,3,0.2,0.26666666666666666,3,0.3333333333333333,0.2368154078722
graphsage_mutual_knn_reference_standard_query_k20_unweighted_seed42,graphsage,mutual_knn_reference_standard_query_k20_unweighted,42,test,4,0.26666666666666666,0.3333333333333333,38,0.18421052631578946,0.3087387132017236
graphsage_mutual_knn_reference_standard_query_k20_unweighted_seed42,graphsage,mutual_knn_reference_standard_query_k20_unweighted,42,test,5,0.3333333333333333,0.4,100,0.34,0.3707921838760376
graphsage_mutual_knn_reference_standard_query_k20_unweighted_seed42,graphsage,mutual_knn_reference_standard_query_k20_unweighted,42,test,6,0.4,0.4666666666666667,188,0.5319148936170213,0.4372489888300287
graphsage_mutual_knn_reference_standard_query_k20_unweighted_seed42,graphsage,mutual_knn_reference_standard_query_k20_unweighted,42,test,7,0.4666666666666667,0.5333333333333333,451,0.5188470066518847,0.5041681427649014
graphsage_mutual_knn_reference_standard_query_k20_unweighted_seed42,graphsage,mutual_knn_reference_standard_query_k20_unweighted,42,test,8,0.5333333333333333,0.6,495,0.5818181818181818,0.5667819285633588
graphsage_mutual_knn_reference_standard_query_k20_unweighted_seed42,graphsage,mutual_knn_reference_standard_query_k20_unweighted,42,test,9,0.6,0.6666666666666666,534,0.6385767790262172,0.633623030078545
graphsage_mutual_knn_reference_standard_query_k20_unweighted_seed42,graphsage,mutual_knn_reference_standard_query_k20_unweighted,42,test,10,0.6666666666666666,0.7333333333333333,609,0.6896551724137931,0.6997437951795769
graphsage_mutual_knn_reference_standard_query_k20_unweighted_seed42,graphsage,mutual_knn_reference_standard_query_k20_unweighted,42,test,11,0.7333333333333333,0.8,788,0.7677664974619289,0.768027135033898
graphsage_mutual_knn_reference_standard_query_k20_unweighted_seed42,graphsage,mutual_knn_reference_standard_query_k20_unweighted,42,test,12,0.8,0.8666666666666667,1015,0.8453201970443349,0.8349489782244114
graphsage_mutual_knn_reference_standard_query_k20_unweighted_seed42,graphsage,mutual_knn_reference_standard_query_k20_unweighted,42,test,13,0.8666666666666667,0.9333333333333333,1776,0.9031531531531531,0.902868789864016
graphsage_mutual_knn_reference_standard_query_k20_unweighted_seed42,graphsage,mutual_knn_reference_standard_query_k20_unweighted,42,test,14,0.9333333333333333,1.0,12511,0.9836144193110063,0.9876831324301923
graphsage_mutual_knn_reference_standard_query_k20_unweighted_seed7,graphsage,mutual_knn_reference_standard_query_k20_unweighted,7,test,0,0.0,0.06666666666666667,0,0.0,0.03333333333333333
graphsage_mutual_knn_reference_standard_query_k20_unweighted_seed7,graphsage,mutual_knn_reference_standard_query_k20_unweighted,7,test,1,0.06666666666666667,0.13333333333333333,0,0.0,0.1
graphsage_mutual_knn_reference_standard_query_k20_unweighted_seed7,graphsage,mutual_knn_reference_standard_query_k20_unweighted,7,test,2,0.13333333333333333,0.2,0,0.0,0.16666666666666669
graphsage_mutual_knn_reference_standard_query_k20_unweighted_seed7,graphsage,mutual_knn_reference_standard_query_k20_unweighted,7,test,3,0.2,0.26666666666666666,3,0.0,0.2543987880150477
graphsage_mutual_knn_reference_standard_query_k20_unweighted_seed7,graphsage,mutual_knn_reference_standard_query_k20_unweighted,7,test,4,0.26666666666666666,0.3333333333333333,31,0.2903225806451613,0.30592667768078463
graphsage_mutual_knn_reference_standard_query_k20_unweighted_seed7,graphsage,mutual_knn_reference_standard_query_k20_unweighted,7,test,5,0.3333333333333333,0.4,94,0.425531914893617,0.369837778679868
graphsage_mutual_knn_reference_standard_query_k20_unweighted_seed7,graphsage,mutual_knn_reference_standard_query_k20_unweighted,7,test,6,0.4,0.4666666666666667,156,0.5576923076923077,0.43799352588561863
graphsage_mutual_knn_reference_standard_query_k20_unweighted_seed7,graphsage,mutual_knn_reference_standard_query_k20_unweighted,7,test,7,0.4666666666666667,0.5333333333333333,413,0.5181598062953995,0.5028380174325107
graphsage_mutual_knn_reference_standard_query_k20_unweighted_seed7,graphsage,mutual_knn_reference_standard_query_k20_unweighted,7,test,8,0.5333333333333333,0.6,475,0.6273684210526316,0.5677142269987809
graphsage_mutual_knn_reference_standard_query_k20_unweighted_seed7,graphsage,mutual_knn_reference_standard_query_k20_unweighted,7,test,9,0.6,0.6666666666666666,547,0.6380255941499086,0.6347752802986549
graphsage_mutual_knn_reference_standard_query_k20_unweighted_seed7,graphsage,mutual_knn_reference_standard_query_k20_unweighted,7,test,10,0.6666666666666666,0.7333333333333333,575,0.6939130434782609,0.7025992183063341
graphsage_mutual_knn_reference_standard_query_k20_unweighted_seed7,graphsage,mutual_knn_reference_standard_query_k20_unweighted,7,test,11,0.7333333333333333,0.8,754,0.7506631299734748,0.7678050990920484
graphsage_mutual_knn_reference_standard_query_k20_unweighted_seed7,graphsage,mutual_knn_reference_standard_query_k20_unweighted,7,test,12,0.8,0.8666666666666667,1023,0.855327468230694,0.8350076051401603
graphsage_mutual_knn_reference_standard_query_k20_unweighted_seed7,graphsage,mutual_knn_reference_standard_query_k20_unweighted,7,test,13,0.8666666666666667,0.9333333333333333,1656,0.8979468599033816,0.9038629155012144
graphsage_mutual_knn_reference_standard_query_k20_unweighted_seed7,graphsage,mutual_knn_reference_standard_query_k20_unweighted,7,test,14,0.9333333333333333,1.0,12781,0.9829434316563649,0.9885268018667467
graphsage_mutual_knn_reference_standard_query_k20_unweighted_seed73,graphsage,mutual_knn_reference_standard_query_k20_unweighted,73,test,0,0.0,0.06666666666666667,0,0.0,0.03333333333333333
graphsage_mutual_knn_reference_standard_query_k20_unweighted_seed73,graphsage,mutual_knn_reference_standard_query_k20_unweighted,73,test,1,0.06666666666666667,0.13333333333333333,0,0.0,0.1
graphsage_mutual_knn_reference_standard_query_k20_unweighted_seed73,graphsage,mutual_knn_reference_standard_query_k20_unweighted,73,test,2,0.13333333333333333,0.2,0,0.0,0.16666666666666669
graphsage_mutual_knn_reference_standard_query_k20_unweighted_seed73,graphsage,mutual_knn_reference_standard_query_k20_unweighted,73,test,3,0.2,0.26666666666666666,3,0.6666666666666666,0.25363338987032574
graphsage_mutual_knn_reference_standard_query_k20_unweighted_seed73,graphsage,mutual_knn_reference_standard_query_k20_unweighted,73,test,4,0.26666666666666666,0.3333333333333333,37,0.2972972972972973,0.3062102617444219
graphsage_mutual_knn_reference_standard_query_k20_unweighted_seed73,graphsage,mutual_knn_reference_standard_query_k20_unweighted,73,test,5,0.3333333333333333,0.4,75,0.38666666666666666,0.37151957988739015
graphsage_mutual_knn_reference_standard_query_k20_unweighted_seed73,graphsage,mutual_knn_reference_standard_query_k20_unweighted,73,test,6,0.4,0.4666666666666667,164,0.4024390243902439,0.43640964278360694
graphsage_mutual_knn_reference_standard_query_k20_unweighted_seed73,graphsage,mutual_knn_reference_standard_query_k20_unweighted,73,test,7,0.4666666666666667,0.5333333333333333,431,0.5730858468677494,0.5020724680196935
graphsage_mutual_knn_reference_standard_query_k20_unweighted_seed73,graphsage,mutual_knn_reference_standard_query_k20_unweighted,73,test,8,0.5333333333333333,0.6,495,0.5878787878787879,0.5671815706021858
graphsage_mutual_knn_reference_standard_query_k20_unweighted_seed73,graphsage,mutual_knn_reference_standard_query_k20_unweighted,73,test,9,0.6,0.6666666666666666,514,0.6478599221789884,0.6346700366600943
graphsage_mutual_knn_reference_standard_query_k20_unweighted_seed73,graphsage,mutual_knn_reference_standard_query_k20_unweighted,73,test,10,0.6666666666666666,0.7333333333333333,562,0.6761565836298933,0.6992940859226146
graphsage_mutual_knn_reference_standard_query_k20_unweighted_seed73,graphsage,mutual_knn_reference_standard_query_k20_unweighted,73,test,11,0.7333333333333333,0.8,786,0.787531806615776,0.7680886986146447
graphsage_mutual_knn_reference_standard_query_k20_unweighted_seed73,graphsage,mutual_knn_reference_standard_query_k20_unweighted,73,test,12,0.8,0.8666666666666667,1045,0.8315789473684211,0.8342328902636988
graphsage_mutual_knn_reference_standard_query_k20_unweighted_seed73,graphsage,mutual_knn_reference_standard_query_k20_unweighted,73,test,13,0.8666666666666667,0.9333333333333333,1654,0.9032648125755743,0.9041805287874883
graphsage_mutual_knn_reference_standard_query_k20_unweighted_seed73,graphsage,mutual_knn_reference_standard_query_k20_unweighted,73,test,14,0.9333333333333333,1.0,12742,0.9828127452519227,0.9885135374494333
graphsage_pca_knn_k20_unweighted_seed101,graphsage,pca_knn_k20_unweighted,101,test,0,0.0,0.06666666666666667,0,0.0,0.03333333333333333
graphsage_pca_knn_k20_unweighted_seed101,graphsage,pca_knn_k20_unweighted,101,test,1,0.06666666666666667,0.13333333333333333,0,0.0,0.1
graphsage_pca_knn_k20_unweighted_seed101,graphsage,pca_knn_k20_unweighted,101,test,2,0.13333333333333333,0.2,0,0.0,0.16666666666666669
graphsage_pca_knn_k20_unweighted_seed101,graphsage,pca_knn_k20_unweighted,101,test,3,0.2,0.26666666666666666,4,0.0,0.24866442009806633
graphsage_pca_knn_k20_unweighted_seed101,graphsage,pca_knn_k20_unweighted,101,test,4,0.26666666666666666,0.3333333333333333,36,0.19444444444444445,0.3107215745581521
graphsage_pca_knn_k20_unweighted_seed101,graphsage,pca_knn_k20_unweighted,101,test,5,0.3333333333333333,0.4,101,0.36633663366336633,0.37167036710399215
graphsage_pca_knn_k20_unweighted_seed101,graphsage,pca_knn_k20_unweighted,101,test,6,0.4,0.4666666666666667,190,0.4842105263157895,0.43606479167938234
graphsage_pca_knn_k20_unweighted_seed101,graphsage,pca_knn_k20_unweighted,101,test,7,0.4666666666666667,0.5333333333333333,413,0.4745762711864407,0.5020773026181191
graphsage_pca_knn_k20_unweighted_seed101,graphsage,pca_knn_k20_unweighted,101,test,8,0.5333333333333333,0.6,475,0.5789473684210527,0.5668629518308138
graphsage_pca_knn_k20_unweighted_seed101,graphsage,pca_knn_k20_unweighted,101,test,9,0.6,0.6666666666666666,509,0.6365422396856582,0.6344707635156298
graphsage_pca_knn_k20_unweighted_seed101,graphsage,pca_knn_k20_unweighted,101,test,10,0.6666666666666666,0.7333333333333333,564,0.6950354609929078,0.700285645981207
graphsage_pca_knn_k20_unweighted_seed101,graphsage,pca_knn_k20_unweighted,101,test,11,0.7333333333333333,0.8,765,0.7660130718954249,0.7683739536727955
graphsage_pca_knn_k20_unweighted_seed101,graphsage,pca_knn_k20_unweighted,101,test,12,0.8,0.8666666666666667,1001,0.8271728271728271,0.8351730436950059
graphsage_pca_knn_k20_unweighted_seed101,graphsage,pca_knn_k20_unweighted,101,test,13,0.8666666666666667,0.9333333333333333,1989,0.8984414278531926,0.9038043285866608
graphsage_pca_knn_k20_unweighted_seed101,graphsage,pca_knn_k20_unweighted,101,test,14,0.9333333333333333,1.0,12461,0.9854746810047348,0.9871113463912191
graphsage_pca_knn_k20_unweighted_seed17,graphsage,pca_knn_k20_unweighted,17,test,0,0.0,0.06666666666666667,0,0.0,0.03333333333333333
graphsage_pca_knn_k20_unweighted_seed17,graphsage,pca_knn_k20_unweighted,17,test,1,0.06666666666666667,0.13333333333333333,0,0.0,0.1
graphsage_pca_knn_k20_unweighted_seed17,graphsage,pca_knn_k20_unweighted,17,test,2,0.13333333333333333,0.2,0,0.0,0.16666666666666669
graphsage_pca_knn_k20_unweighted_seed17,graphsage,pca_knn_k20_unweighted,17,test,3,0.2,0.26666666666666666,5,0.0,0.2523416131734848
graphsage_pca_knn_k20_unweighted_seed17,graphsage,pca_knn_k20_unweighted,17,test,4,0.26666666666666666,0.3333333333333333,22,0.2727272727272727,0.3157137523997914
graphsage_pca_knn_k20_unweighted_seed17,graphsage,pca_knn_k20_unweighted,17,test,5,0.3333333333333333,0.4,72,0.3611111111111111,0.3709254964358277
graphsage_pca_knn_k20_unweighted_seed17,graphsage,pca_knn_k20_unweighted,17,test,6,0.4,0.4666666666666667,158,0.47468354430379744,0.4385182270898095
graphsage_pca_knn_k20_unweighted_seed17,graphsage,pca_knn_k20_unweighted,17,test,7,0.4666666666666667,0.5333333333333333,389,0.519280205655527,0.5043370299290262
graphsage_pca_knn_k20_unweighted_seed17,graphsage,pca_knn_k20_unweighted,17,test,8,0.5333333333333333,0.6,440,0.5431818181818182,0.5657945298335769
graphsage_pca_knn_k20_unweighted_seed17,graphsage,pca_knn_k20_unweighted,17,test,9,0.6,0.6666666666666666,490,0.6020408163265306,0.6336553031084489
graphsage_pca_knn_k20_unweighted_seed17,graphsage,pca_knn_k20_unweighted,17,test,10,0.6666666666666666,0.7333333333333333,538,0.6988847583643123,0.7011740963255163
graphsage_pca_knn_k20_unweighted_seed17,graphsage,pca_knn_k20_unweighted,17,test,11,0.7333333333333333,0.8,688,0.7703488372093024,0.7674973295178524
graphsage_pca_knn_k20_unweighted_seed17,graphsage,pca_knn_k20_unweighted,17,test,12,0.8,0.8666666666666667,1047,0.8166189111747851,0.836315386901043
graphsage_pca_knn_k20_unweighted_seed17,graphsage,pca_knn_k20_unweighted,17,test,13,0.8666666666666667,0.9333333333333333,1694,0.8943329397874853,0.9040353235908495
graphsage_pca_knn_k20_unweighted_seed17,graphsage,pca_knn_k20_unweighted,17,test,14,0.9333333333333333,1.0,12965,0.9837254145777092,0.9875151733932833
graphsage_pca_knn_k20_unweighted_seed42,graphsage,pca_knn_k20_unweighted,42,test,0,0.0,0.06666666666666667,0,0.0,0.03333333333333333
graphsage_pca_knn_k20_unweighted_seed42,graphsage,pca_knn_k20_unweighted,42,test,1,0.06666666666666667,0.13333333333333333,0,0.0,0.1
graphsage_pca_knn_k20_unweighted_seed42,graphsage,pca_knn_k20_unweighted,42,test,2,0.13333333333333333,0.2,0,0.0,0.16666666666666669
graphsage_pca_knn_k20_unweighted_seed42,graphsage,pca_knn_k20_unweighted,42,test,3,0.2,0.26666666666666666,3,0.0,0.251838485399882
graphsage_pca_knn_k20_unweighted_seed42,graphsage,pca_knn_k20_unweighted,42,test,4,0.26666666666666666,0.3333333333333333,31,0.3548387096774194,0.31111866139596506
graphsage_pca_knn_k20_unweighted_seed42,graphsage,pca_knn_k20_unweighted,42,test,5,0.3333333333333333,0.4,94,0.39361702127659576,0.3734018431699022
graphsage_pca_knn_k20_unweighted_seed42,graphsage,pca_knn_k20_unweighted,42,test,6,0.4,0.4666666666666667,210,0.48095238095238096,0.43757921301183245
graphsage_pca_knn_k20_unweighted_seed42,graphsage,pca_knn_k20_unweighted,42,test,7,0.4666666666666667,0.5333333333333333,416,0.5072115384615384,0.5021762660919473
graphsage_pca_knn_k20_unweighted_seed42,graphsage,pca_knn_k20_unweighted,42,test,8,0.5333333333333333,0.6,555,0.581981981981982,0.5663912747357343
graphsage_pca_knn_k20_unweighted_seed42,graphsage,pca_knn_k20_unweighted,42,test,9,0.6,0.6666666666666666,526,0.6444866920152091,0.6333156978222807
graphsage_pca_knn_k20_unweighted_seed42,graphsage,pca_knn_k20_unweighted,42,test,10,0.6666666666666666,0.7333333333333333,564,0.7216312056737588,0.7016997902739978
graphsage_pca_knn_k20_unweighted_seed42,graphsage,pca_knn_k20_unweighted,42,test,11,0.7333333333333333,0.8,782,0.7480818414322251,0.7670682359229574
graphsage_pca_knn_k20_unweighted_seed42,graphsage,pca_knn_k20_unweighted,42,test,12,0.8,0.8666666666666667,1062,0.8258003766478342,0.8358379853310558
graphsage_pca_knn_k20_unweighted_seed42,graphsage,pca_knn_k20_unweighted,42,test,13,0.8666666666666667,0.9333333333333333,2028,0.9077909270216963,0.9033431618876712
graphsage_pca_knn_k20_unweighted_seed42,graphsage,pca_knn_k20_unweighted,42,test,14,0.9333333333333333,1.0,12237,0.9860259867614611,0.9862963013217624
graphsage_pca_knn_k20_unweighted_seed7,graphsage,pca_knn_k20_unweighted,7,test,0,0.0,0.06666666666666667,0,0.0,0.03333333333333333
graphsage_pca_knn_k20_unweighted_seed7,graphsage,pca_knn_k20_unweighted,7,test,1,0.06666666666666667,0.13333333333333333,0,0.0,0.1
graphsage_pca_knn_k20_unweighted_seed7,graphsage,pca_knn_k20_unweighted,7,test,2,0.13333333333333333,0.2,0,0.0,0.16666666666666669
graphsage_pca_knn_k20_unweighted_seed7,graphsage,pca_knn_k20_unweighted,7,test,3,0.2,0.26666666666666666,5,0.4,0.2452198952436447
graphsage_pca_knn_k20_unweighted_seed7,graphsage,pca_knn_k20_unweighted,7,test,4,0.26666666666666666,0.3333333333333333,27,0.4444444444444444,0.3096583562868613
graphsage_pca_knn_k20_unweighted_seed7,graphsage,pca_knn_k20_unweighted,7,test,5,0.3333333333333333,0.4,118,0.3813559322033898,0.3721662284964222
graphsage_pca_knn_k20_unweighted_seed7,graphsage,pca_knn_k20_unweighted,7,test,6,0.4,0.4666666666666667,208,0.46153846153846156,0.43693684170452446
graphsage_pca_knn_k20_unweighted_seed7,graphsage,pca_knn_k20_unweighted,7,test,7,0.4666666666666667,0.5333333333333333,469,0.5010660980810234,0.5033562111574957
graphsage_pca_knn_k20_unweighted_seed7,graphsage,pca_knn_k20_unweighted,7,test,8,0.5333333333333333,0.6,523,0.5812619502868069,0.5672842482991701
graphsage_pca_knn_k20_unweighted_seed7,graphsage,pca_knn_k20_unweighted,7,test,9,0.6,0.6666666666666666,502,0.6752988047808764,0.6323141608817644
graphsage_pca_knn_k20_unweighted_seed7,graphsage,pca_knn_k20_unweighted,7,test,10,0.6666666666666666,0.7333333333333333,588,0.6972789115646258,0.7024159089845865
graphsage_pca_knn_k20_unweighted_seed7,graphsage,pca_knn_k20_unweighted,7,test,11,0.7333333333333333,0.8,824,0.7682038834951457,0.7674678086655812
graphsage_pca_knn_k20_unweighted_seed7,graphsage,pca_knn_k20_unweighted,7,test,12,0.8,0.8666666666666667,1121,0.8385370205173952,0.8361702965477765
graphsage_pca_knn_k20_unweighted_seed7,graphsage,pca_knn_k20_unweighted,7,test,13,0.8666666666666667,0.9333333333333333,2081,0.9067755886592984,0.9027047877641666
graphsage_pca_knn_k20_unweighted_seed7,graphsage,pca_knn_k20_unweighted,7,test,14,0.9333333333333333,1.0,12042,0.9867131705696728,0.9866152435882685
graphsage_pca_knn_k20_unweighted_seed73,graphsage,pca_knn_k20_unweighted,73,test,0,0.0,0.06666666666666667,0,0.0,0.03333333333333333
graphsage_pca_knn_k20_unweighted_seed73,graphsage,pca_knn_k20_unweighted,73,test,1,0.06666666666666667,0.13333333333333333,0,0.0,0.1
graphsage_pca_knn_k20_unweighted_seed73,graphsage,pca_knn_k20_unweighted,73,test,2,0.13333333333333333,0.2,0,0.0,0.16666666666666669
graphsage_pca_knn_k20_unweighted_seed73,graphsage,pca_knn_k20_unweighted,73,test,3,0.2,0.26666666666666666,3,0.6666666666666666,0.24666141966978708
graphsage_pca_knn_k20_unweighted_seed73,graphsage,pca_knn_k20_unweighted,73,test,4,0.26666666666666666,0.3333333333333333,35,0.3142857142857143,0.3128237996782575
graphsage_pca_knn_k20_unweighted_seed73,graphsage,pca_knn_k20_unweighted,73,test,5,0.3333333333333333,0.4,104,0.4326923076923077,0.3694714359365977
graphsage_pca_knn_k20_unweighted_seed73,graphsage,pca_knn_k20_unweighted,73,test,6,0.4,0.4666666666666667,199,0.4623115577889447,0.4359227174790061
graphsage_pca_knn_k20_unweighted_seed73,graphsage,pca_knn_k20_unweighted,73,test,7,0.4666666666666667,0.5333333333333333,411,0.5085158150851582,0.5012087245492169
graphsage_pca_knn_k20_unweighted_seed73,graphsage,pca_knn_k20_unweighted,73,test,8,0.5333333333333333,0.6,495,0.5696969696969697,0.5678534411420726
graphsage_pca_knn_k20_unweighted_seed73,graphsage,pca_knn_k20_unweighted,73,test,9,0.6,0.6666666666666666,514,0.6575875486381323,0.633169265572663
graphsage_pca_knn_k20_unweighted_seed73,graphsage,pca_knn_k20_unweighted,73,test,10,0.6666666666666666,0.7333333333333333,577,0.6897746967071057,0.7026213983935747
graphsage_pca_knn_k20_unweighted_seed73,graphsage,pca_knn_k20_unweighted,73,test,11,0.7333333333333333,0.8,774,0.7648578811369509,0.767352202295949
graphsage_pca_knn_k20_unweighted_seed73,graphsage,pca_knn_k20_unweighted,73,test,12,0.8,0.8666666666666667,1066,0.8348968105065666,0.8355956971645355
graphsage_pca_knn_k20_unweighted_seed73,graphsage,pca_knn_k20_unweighted,73,test,13,0.8666666666666667,0.9333333333333333,1952,0.9026639344262295,0.9040350100544633
graphsage_pca_knn_k20_unweighted_seed73,graphsage,pca_knn_k20_unweighted,73,test,14,0.9333333333333333,1.0,12378,0.985377282275004,0.9867658074057377
graphsage_pca_knn_k24_unweighted_seed101,graphsage,pca_knn_k24_unweighted,101,test,0,0.0,0.06666666666666667,0,0.0,0.03333333333333333
graphsage_pca_knn_k24_unweighted_seed101,graphsage,pca_knn_k24_unweighted,101,test,1,0.06666666666666667,0.13333333333333333,0,0.0,0.1
graphsage_pca_knn_k24_unweighted_seed101,graphsage,pca_knn_k24_unweighted,101,test,2,0.13333333333333333,0.2,0,0.0,0.16666666666666669
graphsage_pca_knn_k24_unweighted_seed101,graphsage,pca_knn_k24_unweighted,101,test,3,0.2,0.26666666666666666,1,0.0,0.26081737875938416
graphsage_pca_knn_k24_unweighted_seed101,graphsage,pca_knn_k24_unweighted,101,test,4,0.26666666666666666,0.3333333333333333,23,0.34782608695652173,0.31569010148877685
graphsage_pca_knn_k24_unweighted_seed101,graphsage,pca_knn_k24_unweighted,101,test,5,0.3333333333333333,0.4,87,0.3793103448275862,0.3707305288862908
graphsage_pca_knn_k24_unweighted_seed101,graphsage,pca_knn_k24_unweighted,101,test,6,0.4,0.4666666666666667,166,0.4578313253012048,0.43425450177795916
graphsage_pca_knn_k24_unweighted_seed101,graphsage,pca_knn_k24_unweighted,101,test,7,0.4666666666666667,0.5333333333333333,382,0.5,0.5027529551252645
graphsage_pca_knn_k24_unweighted_seed101,graphsage,pca_knn_k24_unweighted,101,test,8,0.5333333333333333,0.6,451,0.6075388026607539,0.5676114272384052
graphsage_pca_knn_k24_unweighted_seed101,graphsage,pca_knn_k24_unweighted,101,test,9,0.6,0.6666666666666666,455,0.6153846153846154,0.6343534320265383
graphsage_pca_knn_k24_unweighted_seed101,graphsage,pca_knn_k24_unweighted,101,test,10,0.6666666666666666,0.7333333333333333,571,0.6690017513134852,0.7002663885858138
graphsage_pca_knn_k24_unweighted_seed101,graphsage,pca_knn_k24_unweighted,101,test,11,0.7333333333333333,0.8,696,0.764367816091954,0.7687277808442883
graphsage_pca_knn_k24_unweighted_seed101,graphsage,pca_knn_k24_unweighted,101,test,12,0.8,0.8666666666666667,974,0.8295687885010267,0.8357560621149975
graphsage_pca_knn_k24_unweighted_seed101,graphsage,pca_knn_k24_unweighted,101,test,13,0.8666666666666667,0.9333333333333333,1762,0.8927355278093076,0.9039468126250991
graphsage_pca_knn_k24_unweighted_seed101,graphsage,pca_knn_k24_unweighted,101,test,14,0.9333333333333333,1.0,12940,0.9835394126738795,0.9876329812098876
graphsage_pca_knn_k24_unweighted_seed17,graphsage,pca_knn_k24_unweighted,17,test,0,0.0,0.06666666666666667,0,0.0,0.03333333333333333
graphsage_pca_knn_k24_unweighted_seed17,graphsage,pca_knn_k24_unweighted,17,test,1,0.06666666666666667,0.13333333333333333,0,0.0,0.1
graphsage_pca_knn_k24_unweighted_seed17,graphsage,pca_knn_k24_unweighted,17,test,2,0.13333333333333333,0.2,0,0.0,0.16666666666666669
graphsage_pca_knn_k24_unweighted_seed17,graphsage,pca_knn_k24_unweighted,17,test,3,0.2,0.26666666666666666,3,0.0,0.2646341721216838
graphsage_pca_knn_k24_unweighted_seed17,graphsage,pca_knn_k24_unweighted,17,test,4,0.26666666666666666,0.3333333333333333,26,0.34615384615384615,0.3104703495135674
graphsage_pca_knn_k24_unweighted_seed17,graphsage,pca_knn_k24_unweighted,17,test,5,0.3333333333333333,0.4,65,0.4461538461538462,0.3692449450492859
graphsage_pca_knn_k24_unweighted_seed17,graphsage,pca_knn_k24_unweighted,17,test,6,0.4,0.4666666666666667,171,0.4502923976608187,0.4365395413853272
graphsage_pca_knn_k24_unweighted_seed17,graphsage,pca_knn_k24_unweighted,17,test,7,0.4666666666666667,0.5333333333333333,378,0.5105820105820106,0.5017976592142115
graphsage_pca_knn_k24_unweighted_seed17,graphsage,pca_knn_k24_unweighted,17,test,8,0.5333333333333333,0.6,477,0.5450733752620545,0.568805384186079
graphsage_pca_knn_k24_unweighted_seed17,graphsage,pca_knn_k24_unweighted,17,test,9,0.6,0.6666666666666666,476,0.6281512605042017,0.6330326101860079
graphsage_pca_knn_k24_unweighted_seed17,graphsage,pca_knn_k24_unweighted,17,test,10,0.6666666666666666,0.7333333333333333,548,0.6624087591240876,0.7006922184768385
graphsage_pca_knn_k24_unweighted_seed17,graphsage,pca_knn_k24_unweighted,17,test,11,0.7333333333333333,0.8,707,0.7991513437057991,0.7677323934549658
graphsage_pca_knn_k24_unweighted_seed17,graphsage,pca_knn_k24_unweighted,17,test,12,0.8,0.8666666666666667,1023,0.8103616813294232,0.8356189716712936
graphsage_pca_knn_k24_unweighted_seed17,graphsage,pca_knn_k24_unweighted,17,test,13,0.8666666666666667,0.9333333333333333,1732,0.8851039260969977,0.903785303820088
graphsage_pca_knn_k24_unweighted_seed17,graphsage,pca_knn_k24_unweighted,17,test,14,0.9333333333333333,1.0,12902,0.9851185862656953,0.9872956128706952
graphsage_pca_knn_k24_unweighted_seed42,graphsage,pca_knn_k24_unweighted,42,test,0,0.0,0.06666666666666667,0,0.0,0.03333333333333333
graphsage_pca_knn_k24_unweighted_seed42,graphsage,pca_knn_k24_unweighted,42,test,1,0.06666666666666667,0.13333333333333333,0,0.0,0.1
graphsage_pca_knn_k24_unweighted_seed42,graphsage,pca_knn_k24_unweighted,42,test,2,0.13333333333333333,0.2,0,0.0,0.16666666666666669
graphsage_pca_knn_k24_unweighted_seed42,graphsage,pca_knn_k24_unweighted,42,test,3,0.2,0.26666666666666666,0,0.0,0.23333333333333334
graphsage_pca_knn_k24_unweighted_seed42,graphsage,pca_knn_k24_unweighted,42,test,4,0.26666666666666666,0.3333333333333333,27,0.4074074074074074,0.3151804098376521
graphsage_pca_knn_k24_unweighted_seed42,graphsage,pca_knn_k24_unweighted,42,test,5,0.3333333333333333,0.4,71,0.3380281690140845,0.37165583901002375
graphsage_pca_knn_k24_unweighted_seed42,graphsage,pca_knn_k24_unweighted,42,test,6,0.4,0.4666666666666667,140,0.45,0.4377544711743082
graphsage_pca_knn_k24_unweighted_seed42,graphsage,pca_knn_k24_unweighted,42,test,7,0.4666666666666667,0.5333333333333333,368,0.5380434782608695,0.5055840494840041
graphsage_pca_knn_k24_unweighted_seed42,graphsage,pca_knn_k24_unweighted,42,test,8,0.5333333333333333,0.6,453,0.5982339955849889,0.5670987188684493
graphsage_pca_knn_k24_unweighted_seed42,graphsage,pca_knn_k24_unweighted,42,test,9,0.6,0.6666666666666666,494,0.6214574898785425,0.6324522701593546
graphsage_pca_knn_k24_unweighted_seed42,graphsage,pca_knn_k24_unweighted,42,test,10,0.6666666666666666,0.7333333333333333,551,0.6860254083484574,0.6997664188949253
graphsage_pca_knn_k24_unweighted_seed42,graphsage,pca_knn_k24_unweighted,42,test,11,0.7333333333333333,0.8,677,0.7429837518463811,0.767489607436266
graphsage_pca_knn_k24_unweighted_seed42,graphsage,pca_knn_k24_unweighted,42,test,12,0.8,0.8666666666666667,965,0.7937823834196891,0.8344750830546562
graphsage_pca_knn_k24_unweighted_seed42,graphsage,pca_knn_k24_unweighted,42,test,13,0.8666666666666667,0.9333333333333333,1771,0.8955392433653303,0.904172276016819
graphsage_pca_knn_k24_unweighted_seed42,graphsage,pca_knn_k24_unweighted,42,test,14,0.9333333333333333,1.0,12991,0.984373797244246,0.9876106992420135
graphsage_pca_knn_k24_unweighted_seed7,graphsage,pca_knn_k24_unweighted,7,test,0,0.0,0.06666666666666667,0,0.0,0.03333333333333333
graphsage_pca_knn_k24_unweighted_seed7,graphsage,pca_knn_k24_unweighted,7,test,1,0.06666666666666667,0.13333333333333333,0,0.0,0.1
graphsage_pca_knn_k24_unweighted_seed7,graphsage,pca_knn_k24_unweighted,7,test,2,0.13333333333333333,0.2,0,0.0,0.16666666666666669
graphsage_pca_knn_k24_unweighted_seed7,graphsage,pca_knn_k24_unweighted,7,test,3,0.2,0.26666666666666666,6,0.3333333333333333,0.2500087221463521
graphsage_pca_knn_k24_unweighted_seed7,graphsage,pca_knn_k24_unweighted,7,test,4,0.26666666666666666,0.3333333333333333,36,0.3888888888888889,0.3095821092526118
graphsage_pca_knn_k24_unweighted_seed7,graphsage,pca_knn_k24_unweighted,7,test,5,0.3333333333333333,0.4,98,0.3469387755102041,0.3707163434247581
graphsage_pca_knn_k24_unweighted_seed7,graphsage,pca_knn_k24_unweighted,7,test,6,0.4,0.4666666666666667,206,0.470873786407767,0.43724223204608104
graphsage_pca_knn_k24_unweighted_seed7,graphsage,pca_knn_k24_unweighted,7,test,7,0.4666666666666667,0.5333333333333333,462,0.5173160173160173,0.5034328831351681
graphsage_pca_knn_k24_unweighted_seed7,graphsage,pca_knn_k24_unweighted,7,test,8,0.5333333333333333,0.6,537,0.5996275605214153,0.5660309479667266
graphsage_pca_knn_k24_unweighted_seed7,graphsage,pca_knn_k24_unweighted,7,test,9,0.6,0.6666666666666666,508,0.6437007874015748,0.6344322443712415
graphsage_pca_knn_k24_unweighted_seed7,graphsage,pca_knn_k24_unweighted,7,test,10,0.6666666666666666,0.7333333333333333,591,0.7191201353637902,0.7009193449456075
graphsage_pca_knn_k24_unweighted_seed7,graphsage,pca_knn_k24_unweighted,7,test,11,0.7333333333333333,0.8,824,0.7657766990291263,0.7681055422691465
graphsage_pca_knn_k24_unweighted_seed7,graphsage,pca_knn_k24_unweighted,7,test,12,0.8,0.8666666666666667,1121,0.8349687778768956,0.8359482652049953
graphsage_pca_knn_k24_unweighted_seed7,graphsage,pca_knn_k24_unweighted,7,test,13,0.8666666666666667,0.9333333333333333,2066,0.9104549854791868,0.902972652051248
graphsage_pca_knn_k24_unweighted_seed7,graphsage,pca_knn_k24_unweighted,7,test,14,0.9333333333333333,1.0,12053,0.9864763959180287,0.986621736209244
graphsage_pca_knn_k24_unweighted_seed73,graphsage,pca_knn_k24_unweighted,73,test,0,0.0,0.06666666666666667,0,0.0,0.03333333333333333
graphsage_pca_knn_k24_unweighted_seed73,graphsage,pca_knn_k24_unweighted,73,test,1,0.06666666666666667,0.13333333333333333,0,0.0,0.1
graphsage_pca_knn_k24_unweighted_seed73,graphsage,pca_knn_k24_unweighted,73,test,2,0.13333333333333333,0.2,0,0.0,0.16666666666666669
graphsage_pca_knn_k24_unweighted_seed73,graphsage,pca_knn_k24_unweighted,73,test,3,0.2,0.26666666666666666,1,0.0,0.26656025648117065
graphsage_pca_knn_k24_unweighted_seed73,graphsage,pca_knn_k24_unweighted,73,test,4,0.26666666666666666,0.3333333333333333,22,0.2727272727272727,0.3034587502479553
graphsage_pca_knn_k24_unweighted_seed73,graphsage,pca_knn_k24_unweighted,73,test,5,0.3333333333333333,0.4,91,0.3076923076923077,0.36835249898197886
graphsage_pca_knn_k24_unweighted_seed73,graphsage,pca_knn_k24_unweighted,73,test,6,0.4,0.4666666666666667,167,0.5029940119760479,0.4388407897092625
graphsage_pca_knn_k24_unweighted_seed73,graphsage,pca_knn_k24_unweighted,73,test,7,0.4666666666666667,0.5333333333333333,392,0.4923469387755102,0.5029032967832624
graphsage_pca_knn_k24_unweighted_seed73,graphsage,pca_knn_k24_unweighted,73,test,8,0.5333333333333333,0.6,465,0.5440860215053763,0.5667792025432792
graphsage_pca_knn_k24_unweighted_seed73,graphsage,pca_knn_k24_unweighted,73,test,9,0.6,0.6666666666666666,512,0.662109375,0.6347162555903196
graphsage_pca_knn_k24_unweighted_seed73,graphsage,pca_knn_k24_unweighted,73,test,10,0.6666666666666666,0.7333333333333333,572,0.6888111888111889,0.7015669587608817
graphsage_pca_knn_k24_unweighted_seed73,graphsage,pca_knn_k24_unweighted,73,test,11,0.7333333333333333,0.8,693,0.7532467532467533,0.7681528581857338
graphsage_pca_knn_k24_unweighted_seed73,graphsage,pca_knn_k24_unweighted,73,test,12,0.8,0.8666666666666667,1007,0.8351539225422046,0.8356459852837048
graphsage_pca_knn_k24_unweighted_seed73,graphsage,pca_knn_k24_unweighted,73,test,13,0.8666666666666667,0.9333333333333333,1818,0.8954895489548955,0.9035744409684432
graphsage_pca_knn_k24_unweighted_seed73,graphsage,pca_knn_k24_unweighted,73,test,14,0.9333333333333333,1.0,12768,0.9841791979949874,0.9871025699935386
graphsage_pca_knn_k50_unweighted_seed101,graphsage,pca_knn_k50_unweighted,101,test,0,0.0,0.06666666666666667,0,0.0,0.03333333333333333
graphsage_pca_knn_k50_unweighted_seed101,graphsage,pca_knn_k50_unweighted,101,test,1,0.06666666666666667,0.13333333333333333,0,0.0,0.1
graphsage_pca_knn_k50_unweighted_seed101,graphsage,pca_knn_k50_unweighted,101,test,2,0.13333333333333333,0.2,0,0.0,0.16666666666666669
graphsage_pca_knn_k50_unweighted_seed101,graphsage,pca_knn_k50_unweighted,101,test,3,0.2,0.26666666666666666,2,0.0,0.2324385866522789
graphsage_pca_knn_k50_unweighted_seed101,graphsage,pca_knn_k50_unweighted,101,test,4,0.26666666666666666,0.3333333333333333,28,0.25,0.31024973200900213
graphsage_pca_knn_k50_unweighted_seed101,graphsage,pca_knn_k50_unweighted,101,test,5,0.3333333333333333,0.4,113,0.3274336283185841,0.3716461698038388
graphsage_pca_knn_k50_unweighted_seed101,graphsage,pca_knn_k50_unweighted,101,test,6,0.4,0.4666666666666667,177,0.4689265536723164,0.4394676498437332
graphsage_pca_knn_k50_unweighted_seed101,graphsage,pca_knn_k50_unweighted,101,test,7,0.4666666666666667,0.5333333333333333,385,0.5324675324675324,0.5041949582564367
graphsage_pca_knn_k50_unweighted_seed101,graphsage,pca_knn_k50_unweighted,101,test,8,0.5333333333333333,0.6,465,0.5935483870967742,0.5684728072535608
graphsage_pca_knn_k50_unweighted_seed101,graphsage,pca_knn_k50_unweighted,101,test,9,0.6,0.6666666666666666,495,0.6303030303030303,0.6322885893812084
graphsage_pca_knn_k50_unweighted_seed101,graphsage,pca_knn_k50_unweighted,101,test,10,0.6666666666666666,0.7333333333333333,595,0.6773109243697479,0.7002883537476804
graphsage_pca_knn_k50_unweighted_seed101,graphsage,pca_knn_k50_unweighted,101,test,11,0.7333333333333333,0.8,708,0.751412429378531,0.7684039966029635
graphsage_pca_knn_k50_unweighted_seed101,graphsage,pca_knn_k50_unweighted,101,test,12,0.8,0.8666666666666667,999,0.8198198198198198,0.8347536355286866
graphsage_pca_knn_k50_unweighted_seed101,graphsage,pca_knn_k50_unweighted,101,test,13,0.8666666666666667,0.9333333333333333,1893,0.9054410987849973,0.9049338918795236
graphsage_pca_knn_k50_unweighted_seed101,graphsage,pca_knn_k50_unweighted,101,test,14,0.9333333333333333,1.0,12648,0.984977862112587,0.9873770972140072
graphsage_pca_knn_k50_unweighted_seed17,graphsage,pca_knn_k50_unweighted,17,test,0,0.0,0.06666666666666667,0,0.0,0.03333333333333333
graphsage_pca_knn_k50_unweighted_seed17,graphsage,pca_knn_k50_unweighted,17,test,1,0.06666666666666667,0.13333333333333333,0,0.0,0.1
graphsage_pca_knn_k50_unweighted_seed17,graphsage,pca_knn_k50_unweighted,17,test,2,0.13333333333333333,0.2,0,0.0,0.16666666666666669
graphsage_pca_knn_k50_unweighted_seed17,graphsage,pca_knn_k50_unweighted,17,test,3,0.2,0.26666666666666666,1,0.0,0.2503312826156616
graphsage_pca_knn_k50_unweighted_seed17,graphsage,pca_knn_k50_unweighted,17,test,4,0.26666666666666666,0.3333333333333333,32,0.25,0.30872426461428404
graphsage_pca_knn_k50_unweighted_seed17,graphsage,pca_knn_k50_unweighted,17,test,5,0.3333333333333333,0.4,77,0.3246753246753247,0.3702668710188432
graphsage_pca_knn_k50_unweighted_seed17,graphsage,pca_knn_k50_unweighted,17,test,6,0.4,0.4666666666666667,183,0.453551912568306,0.43996061702243616
graphsage_pca_knn_k50_unweighted_seed17,graphsage,pca_knn_k50_unweighted,17,test,7,0.4666666666666667,0.5333333333333333,387,0.5116279069767442,0.5040435590023218
graphsage_pca_knn_k50_unweighted_seed17,graphsage,pca_knn_k50_unweighted,17,test,8,0.5333333333333333,0.6,462,0.5822510822510822,0.5673155209202787
graphsage_pca_knn_k50_unweighted_seed17,graphsage,pca_knn_k50_unweighted,17,test,9,0.6,0.6666666666666666,476,0.6113445378151261,0.6344663907750314
graphsage_pca_knn_k50_unweighted_seed17,graphsage,pca_knn_k50_unweighted,17,test,10,0.6666666666666666,0.7333333333333333,585,0.6683760683760683,0.702626653919872
graphsage_pca_knn_k50_unweighted_seed17,graphsage,pca_knn_k50_unweighted,17,test,11,0.7333333333333333,0.8,710,0.7718309859154929,0.768811594264608
graphsage_pca_knn_k50_unweighted_seed17,graphsage,pca_knn_k50_unweighted,17,test,12,0.8,0.8666666666666667,983,0.8219735503560529,0.8352922569213782
graphsage_pca_knn_k50_unweighted_seed17,graphsage,pca_knn_k50_unweighted,17,test,13,0.8666666666666667,0.9333333333333333,1799,0.8916064480266815,0.9047179131656305
graphsage_pca_knn_k50_unweighted_seed17,graphsage,pca_knn_k50_unweighted,17,test,14,0.9333333333333333,1.0,12813,0.9850932646530867,0.9873734699110231
graphsage_pca_knn_k50_unweighted_seed42,graphsage,pca_knn_k50_unweighted,42,test,0,0.0,0.06666666666666667,0,0.0,0.03333333333333333
graphsage_pca_knn_k50_unweighted_seed42,graphsage,pca_knn_k50_unweighted,42,test,1,0.06666666666666667,0.13333333333333333,0,0.0,0.1
graphsage_pca_knn_k50_unweighted_seed42,graphsage,pca_knn_k50_unweighted,42,test,2,0.13333333333333333,0.2,0,0.0,0.16666666666666669
graphsage_pca_knn_k50_unweighted_seed42,graphsage,pca_knn_k50_unweighted,42,test,3,0.2,0.26666666666666666,0,0.0,0.23333333333333334
graphsage_pca_knn_k50_unweighted_seed42,graphsage,pca_knn_k50_unweighted,42,test,4,0.26666666666666666,0.3333333333333333,24,0.16666666666666666,0.3086694652835528
graphsage_pca_knn_k50_unweighted_seed42,graphsage,pca_knn_k50_unweighted,42,test,5,0.3333333333333333,0.4,86,0.37209302325581395,0.3702202144750329
graphsage_pca_knn_k50_unweighted_seed42,graphsage,pca_knn_k50_unweighted,42,test,6,0.4,0.4666666666666667,153,0.39869281045751637,0.43888990123287525
graphsage_pca_knn_k50_unweighted_seed42,graphsage,pca_knn_k50_unweighted,42,test,7,0.4666666666666667,0.5333333333333333,378,0.5370370370370371,0.5044739283424206
graphsage_pca_knn_k50_unweighted_seed42,graphsage,pca_knn_k50_unweighted,42,test,8,0.5333333333333333,0.6,466,0.5965665236051502,0.5672261837725987
graphsage_pca_knn_k50_unweighted_seed42,graphsage,pca_knn_k50_unweighted,42,test,9,0.6,0.6666666666666666,498,0.6265060240963856,0.6339453925569374
graphsage_pca_knn_k50_unweighted_seed42,graphsage,pca_knn_k50_unweighted,42,test,10,0.6666666666666666,0.7333333333333333,562,0.6619217081850534,0.6995716145878584
graphsage_pca_knn_k50_unweighted_seed42,graphsage,pca_knn_k50_unweighted,42,test,11,0.7333333333333333,0.8,728,0.7445054945054945,0.768633386345355
graphsage_pca_knn_k50_unweighted_seed42,graphsage,pca_knn_k50_unweighted,42,test,12,0.8,0.8666666666666667,956,0.8158995815899581,0.8360030765812766
graphsage_pca_knn_k50_unweighted_seed42,graphsage,pca_knn_k50_unweighted,42,test,13,0.8666666666666667,0.9333333333333333,1778,0.8953880764904387,0.9042414973570606
graphsage_pca_knn_k50_unweighted_seed42,graphsage,pca_knn_k50_unweighted,42,test,14,0.9333333333333333,1.0,12879,0.9847037813494837,0.9872861424906023
graphsage_pca_knn_k50_unweighted_seed7,graphsage,pca_knn_k50_unweighted,7,test,0,0.0,0.06666666666666667,0,0.0,0.03333333333333333
graphsage_pca_knn_k50_unweighted_seed7,graphsage,pca_knn_k50_unweighted,7,test,1,0.06666666666666667,0.13333333333333333,0,0.0,0.1
graphsage_pca_knn_k50_unweighted_seed7,graphsage,pca_knn_k50_unweighted,7,test,2,0.13333333333333333,0.2,0,0.0,0.16666666666666669
graphsage_pca_knn_k50_unweighted_seed7,graphsage,pca_knn_k50_unweighted,7,test,3,0.2,0.26666666666666666,1,0.0,0.23066982626914978
graphsage_pca_knn_k50_unweighted_seed7,graphsage,pca_knn_k50_unweighted,7,test,4,0.26666666666666666,0.3333333333333333,20,0.5,0.30750723630189897
graphsage_pca_knn_k50_unweighted_seed7,graphsage,pca_knn_k50_unweighted,7,test,5,0.3333333333333333,0.4,84,0.36904761904761907,0.368038609623909
graphsage_pca_knn_k50_unweighted_seed7,graphsage,pca_knn_k50_unweighted,7,test,6,0.4,0.4666666666666667,149,0.4966442953020134,0.4370029170641163
graphsage_pca_knn_k50_unweighted_seed7,graphsage,pca_knn_k50_unweighted,7,test,7,0.4666666666666667,0.5333333333333333,391,0.5038363171355499,0.5036867975883776
graphsage_pca_knn_k50_unweighted_seed7,graphsage,pca_knn_k50_unweighted,7,test,8,0.5333333333333333,0.6,457,0.6039387308533917,0.567452673578158
graphsage_pca_knn_k50_unweighted_seed7,graphsage,pca_knn_k50_unweighted,7,test,9,0.6,0.6666666666666666,519,0.6242774566473989,0.6325176717688353
graphsage_pca_knn_k50_unweighted_seed7,graphsage,pca_knn_k50_unweighted,7,test,10,0.6666666666666666,0.7333333333333333,511,0.6790606653620352,0.701592619638387
graphsage_pca_knn_k50_unweighted_seed7,graphsage,pca_knn_k50_unweighted,7,test,11,0.7333333333333333,0.8,730,0.7452054794520548,0.7685884303426089
graphsage_pca_knn_k50_unweighted_seed7,graphsage,pca_knn_k50_unweighted,7,test,12,0.8,0.8666666666666667,1007,0.8262164846077458,0.8353167479301044
graphsage_pca_knn_k50_unweighted_seed7,graphsage,pca_knn_k50_unweighted,7,test,13,0.8666666666666667,0.9333333333333333,1747,0.8992558672009159,0.9046111985759593
graphsage_pca_knn_k50_unweighted_seed7,graphsage,pca_knn_k50_unweighted,7,test,14,0.9333333333333333,1.0,12892,0.9843313682904127,0.9877275106026969
graphsage_pca_knn_k50_unweighted_seed73,graphsage,pca_knn_k50_unweighted,73,test,0,0.0,0.06666666666666667,0,0.0,0.03333333333333333
graphsage_pca_knn_k50_unweighted_seed73,graphsage,pca_knn_k50_unweighted,73,test,1,0.06666666666666667,0.13333333333333333,0,0.0,0.1
graphsage_pca_knn_k50_unweighted_seed73,graphsage,pca_knn_k50_unweighted,73,test,2,0.13333333333333333,0.2,0,0.0,0.16666666666666669
graphsage_pca_knn_k50_unweighted_seed73,graphsage,pca_knn_k50_unweighted,73,test,3,0.2,0.26666666666666666,1,0.0,0.26543739438056946
graphsage_pca_knn_k50_unweighted_seed73,graphsage,pca_knn_k50_unweighted,73,test,4,0.26666666666666666,0.3333333333333333,31,0.16129032258064516,0.31476468520779766
graphsage_pca_knn_k50_unweighted_seed73,graphsage,pca_knn_k50_unweighted,73,test,5,0.3333333333333333,0.4,96,0.3541666666666667,0.3709323341026902
graphsage_pca_knn_k50_unweighted_seed73,graphsage,pca_knn_k50_unweighted,73,test,6,0.4,0.4666666666666667,138,0.45652173913043476,0.43583419422308606
graphsage_pca_knn_k50_unweighted_seed73,graphsage,pca_knn_k50_unweighted,73,test,7,0.4666666666666667,0.5333333333333333,367,0.5395095367847411,0.5022027629760045
graphsage_pca_knn_k50_unweighted_seed73,graphsage,pca_knn_k50_unweighted,73,test,8,0.5333333333333333,0.6,513,0.6003898635477583,0.5669186829823499
graphsage_pca_knn_k50_unweighted_seed73,graphsage,pca_knn_k50_unweighted,73,test,9,0.6,0.6666666666666666,488,0.6188524590163934,0.6355111970276129
graphsage_pca_knn_k50_unweighted_seed73,graphsage,pca_knn_k50_unweighted,73,test,10,0.6666666666666666,0.7333333333333333,578,0.657439446366782,0.7018985244023346
graphsage_pca_knn_k50_unweighted_seed73,graphsage,pca_knn_k50_unweighted,73,test,11,0.7333333333333333,0.8,700,0.7571428571428571,0.7676243789706911
graphsage_pca_knn_k50_unweighted_seed73,graphsage,pca_knn_k50_unweighted,73,test,12,0.8,0.8666666666666667,967,0.8397104446742503,0.8350922660719152
graphsage_pca_knn_k50_unweighted_seed73,graphsage,pca_knn_k50_unweighted,73,test,13,0.8666666666666667,0.9333333333333333,1810,0.8988950276243094,0.9038614893486486
graphsage_pca_knn_k50_unweighted_seed73,graphsage,pca_knn_k50_unweighted,73,test,14,0.9333333333333333,1.0,12819,0.9841641313675014,0.9872266555996746
logistic_regression_site_stratified_seed42,logistic_regression,none,42,test,0,0.0,0.06666666666666667,0,0.0,0.03333333333333333
logistic_regression_site_stratified_seed42,logistic_regression,none,42,test,1,0.06666666666666667,0.13333333333333333,0,0.0,0.1
logistic_regression_site_stratified_seed42,logistic_regression,none,42,test,2,0.13333333333333333,0.2,0,0.0,0.16666666666666669
logistic_regression_site_stratified_seed42,logistic_regression,none,42,test,3,0.2,0.26666666666666666,3,0.0,0.22671604653199515
logistic_regression_site_stratified_seed42,logistic_regression,none,42,test,4,0.26666666666666666,0.3333333333333333,48,0.2708333333333333,0.30692270770668983
logistic_regression_site_stratified_seed42,logistic_regression,none,42,test,5,0.3333333333333333,0.4,163,0.4171779141104294,0.3713601820308007
logistic_regression_site_stratified_seed42,logistic_regression,none,42,test,6,0.4,0.4666666666666667,322,0.5093167701863354,0.4385932686721316
logistic_regression_site_stratified_seed42,logistic_regression,none,42,test,7,0.4666666666666667,0.5333333333333333,553,0.5424954792043399,0.5035874170485284
logistic_regression_site_stratified_seed42,logistic_regression,none,42,test,8,0.5333333333333333,0.6,675,0.6192592592592593,0.5671231855286493
logistic_regression_site_stratified_seed42,logistic_regression,none,42,test,9,0.6,0.6666666666666666,780,0.7038461538461539,0.6332316653086589
logistic_regression_site_stratified_seed42,logistic_regression,none,42,test,10,0.6666666666666666,0.7333333333333333,820,0.7682926829268293,0.7011533953067733
logistic_regression_site_stratified_seed42,logistic_regression,none,42,test,11,0.7333333333333333,0.8,956,0.8462343096234309,0.7679834559123386
logistic_regression_site_stratified_seed42,logistic_regression,none,42,test,12,0.8,0.8666666666666667,1113,0.8553459119496856,0.8340734348357098
logistic_regression_site_stratified_seed42,logistic_regression,none,42,test,13,0.8666666666666667,0.9333333333333333,1531,0.8935336381450033,0.9025448649868631
logistic_regression_site_stratified_seed42,logistic_regression,none,42,test,14,0.9333333333333333,1.0,11544,0.9776507276507277,0.9905097605873542
mlp_site_stratified_seed42_seed42,mlp,none,42,test,0,0.0,0.06666666666666667,0,0.0,0.03333333333333333
mlp_site_stratified_seed42_seed42,mlp,none,42,test,1,0.06666666666666667,0.13333333333333333,0,0.0,0.1
mlp_site_stratified_seed42_seed42,mlp,none,42,test,2,0.13333333333333333,0.2,0,0.0,0.16666666666666669
mlp_site_stratified_seed42_seed42,mlp,none,42,test,3,0.2,0.26666666666666666,1,1.0,0.25229012966156006
mlp_site_stratified_seed42_seed42,mlp,none,42,test,4,0.26666666666666666,0.3333333333333333,15,0.5333333333333333,0.3207299729188283
mlp_site_stratified_seed42_seed42,mlp,none,42,test,5,0.3333333333333333,0.4,46,0.32608695652173914,0.37399963451468426
mlp_site_stratified_seed42_seed42,mlp,none,42,test,6,0.4,0.4666666666666667,104,0.375,0.43668376854979074
mlp_site_stratified_seed42_seed42,mlp,none,42,test,7,0.4666666666666667,0.5333333333333333,310,0.5,0.5056480174103091
mlp_site_stratified_seed42_seed42,mlp,none,42,test,8,0.5333333333333333,0.6,412,0.5703883495145631,0.5678378384090165
mlp_site_stratified_seed42_seed42,mlp,none,42,test,9,0.6,0.6666666666666666,443,0.5756207674943566,0.6341868906742294
mlp_site_stratified_seed42_seed42,mlp,none,42,test,10,0.6666666666666666,0.7333333333333333,490,0.6489795918367347,0.6988222409267815
mlp_site_stratified_seed42_seed42,mlp,none,42,test,11,0.7333333333333333,0.8,626,0.6964856230031949,0.7664442200439806
mlp_site_stratified_seed42_seed42,mlp,none,42,test,12,0.8,0.8666666666666667,892,0.7802690582959642,0.8359659193208934
mlp_site_stratified_seed42_seed42,mlp,none,42,test,13,0.8666666666666667,0.9333333333333333,1351,0.8586232420429312,0.9041974007598036
mlp_site_stratified_seed42_seed42,mlp,none,42,test,14,0.9333333333333333,1.0,13818,0.9803155304675062,0.9904522643599674
mlp_site_stratified_seed42_seed101,mlp,none,101,test,0,0.0,0.06666666666666667,0,0.0,0.03333333333333333
mlp_site_stratified_seed42_seed101,mlp,none,101,test,1,0.06666666666666667,0.13333333333333333,0,0.0,0.1
mlp_site_stratified_seed42_seed101,mlp,none,101,test,2,0.13333333333333333,0.2,0,0.0,0.16666666666666669
mlp_site_stratified_seed42_seed101,mlp,none,101,test,3,0.2,0.26666666666666666,3,0.0,0.23880918323993683
mlp_site_stratified_seed42_seed101,mlp,none,101,test,4,0.26666666666666666,0.3333333333333333,22,0.5454545454545454,0.3137461231513457
mlp_site_stratified_seed42_seed101,mlp,none,101,test,5,0.3333333333333333,0.4,68,0.3382352941176471,0.37160101532936096
mlp_site_stratified_seed42_seed101,mlp,none,101,test,6,0.4,0.4666666666666667,136,0.4264705882352941,0.4358987898072776
mlp_site_stratified_seed42_seed101,mlp,none,101,test,7,0.4666666666666667,0.5333333333333333,406,0.5443349753694581,0.5035567367311768
mlp_site_stratified_seed42_seed101,mlp,none,101,test,8,0.5333333333333333,0.6,493,0.5720081135902637,0.5678521138417552
mlp_site_stratified_seed42_seed101,mlp,none,101,test,9,0.6,0.6666666666666666,541,0.6377079482439926,0.6336242559877209
mlp_site_stratified_seed42_seed101,mlp,none,101,test,10,0.6666666666666666,0.7333333333333333,563,0.6696269982238011,0.7011642634974492
mlp_site_stratified_seed42_seed101,mlp,none,101,test,11,0.7333333333333333,0.8,695,0.7597122302158273,0.7686870296224416
mlp_site_stratified_seed42_seed101,mlp,none,101,test,12,0.8,0.8666666666666667,928,0.8114224137931034,0.8350305834720875
mlp_site_stratified_seed42_seed101,mlp,none,101,test,13,0.8666666666666667,0.9333333333333333,1644,0.8965936739659367,0.9038270037539684
mlp_site_stratified_seed42_seed101,mlp,none,101,test,14,0.9333333333333333,1.0,13009,0.9850103774310093,0.9890366126851561
mlp_site_stratified_seed42_seed17,mlp,none,17,test,0,0.0,0.06666666666666667,0,0.0,0.03333333333333333
mlp_site_stratified_seed42_seed17,mlp,none,17,test,1,0.06666666666666667,0.13333333333333333,0,0.0,0.1
mlp_site_stratified_seed42_seed17,mlp,none,17,test,2,0.13333333333333333,0.2,0,0.0,0.16666666666666669
mlp_site_stratified_seed42_seed17,mlp,none,17,test,3,0.2,0.26666666666666666,1,0.0,0.24513345956802368
mlp_site_stratified_seed42_seed17,mlp,none,17,test,4,0.26666666666666666,0.3333333333333333,9,0.2222222222222222,0.30415671401553684
mlp_site_stratified_seed42_seed17,mlp,none,17,test,5,0.3333333333333333,0.4,52,0.4423076923076923,0.36966034082266
mlp_site_stratified_seed42_seed17,mlp,none,17,test,6,0.4,0.4666666666666667,111,0.3963963963963964,0.43744137211962864
mlp_site_stratified_seed42_seed17,mlp,none,17,test,7,0.4666666666666667,0.5333333333333333,314,0.5031847133757962,0.5064859450053257
mlp_site_stratified_seed42_seed17,mlp,none,17,test,8,0.5333333333333333,0.6,435,0.5724137931034483,0.5666300931196103
mlp_site_stratified_seed42_seed17,mlp,none,17,test,9,0.6,0.6666666666666666,463,0.6112311015118791,0.6336208275533391
mlp_site_stratified_seed42_seed17,mlp,none,17,test,10,0.6666666666666666,0.7333333333333333,516,0.6821705426356589,0.700317329099012
mlp_site_stratified_seed42_seed17,mlp,none,17,test,11,0.7333333333333333,0.8,587,0.7240204429301533,0.7685802237747881
mlp_site_stratified_seed42_seed17,mlp,none,17,test,12,0.8,0.8666666666666667,854,0.7892271662763466,0.8355294576992196
mlp_site_stratified_seed42_seed17,mlp,none,17,test,13,0.8666666666666667,0.9333333333333333,1427,0.8549404344779257,0.9039108439517672
mlp_site_stratified_seed42_seed17,mlp,none,17,test,14,0.9333333333333333,1.0,13739,0.9828954072348788,0.9904946782753989
mlp_site_stratified_seed42_seed42,mlp,none,42,test,0,0.0,0.06666666666666667,0,0.0,0.03333333333333333
mlp_site_stratified_seed42_seed42,mlp,none,42,test,1,0.06666666666666667,0.13333333333333333,0,0.0,0.1
mlp_site_stratified_seed42_seed42,mlp,none,42,test,2,0.13333333333333333,0.2,0,0.0,0.16666666666666669
mlp_site_stratified_seed42_seed42,mlp,none,42,test,3,0.2,0.26666666666666666,1,1.0,0.25229012966156006
mlp_site_stratified_seed42_seed42,mlp,none,42,test,4,0.26666666666666666,0.3333333333333333,15,0.5333333333333333,0.3207299729188283
mlp_site_stratified_seed42_seed42,mlp,none,42,test,5,0.3333333333333333,0.4,46,0.32608695652173914,0.37399963451468426
mlp_site_stratified_seed42_seed42,mlp,none,42,test,6,0.4,0.4666666666666667,104,0.375,0.43668376854979074
mlp_site_stratified_seed42_seed42,mlp,none,42,test,7,0.4666666666666667,0.5333333333333333,310,0.5,0.5056480174103091
mlp_site_stratified_seed42_seed42,mlp,none,42,test,8,0.5333333333333333,0.6,412,0.5703883495145631,0.5678378384090165
mlp_site_stratified_seed42_seed42,mlp,none,42,test,9,0.6,0.6666666666666666,443,0.5756207674943566,0.6341868906742294
mlp_site_stratified_seed42_seed42,mlp,none,42,test,10,0.6666666666666666,0.7333333333333333,490,0.6489795918367347,0.6988222409267815
mlp_site_stratified_seed42_seed42,mlp,none,42,test,11,0.7333333333333333,0.8,626,0.6964856230031949,0.7664442200439806
mlp_site_stratified_seed42_seed42,mlp,none,42,test,12,0.8,0.8666666666666667,892,0.7802690582959642,0.8359659193208934
mlp_site_stratified_seed42_seed42,mlp,none,42,test,13,0.8666666666666667,0.9333333333333333,1351,0.8586232420429312,0.9041974007598036
mlp_site_stratified_seed42_seed42,mlp,none,42,test,14,0.9333333333333333,1.0,13818,0.9803155304675062,0.9904522643599674
mlp_site_stratified_seed42_seed7,mlp,none,7,test,0,0.0,0.06666666666666667,0,0.0,0.03333333333333333
mlp_site_stratified_seed42_seed7,mlp,none,7,test,1,0.06666666666666667,0.13333333333333333,0,0.0,0.1
mlp_site_stratified_seed42_seed7,mlp,none,7,test,2,0.13333333333333333,0.2,0,0.0,0.16666666666666669
mlp_site_stratified_seed42_seed7,mlp,none,7,test,3,0.2,0.26666666666666666,1,0.0,0.2553440034389496
mlp_site_stratified_seed42_seed7,mlp,none,7,test,4,0.26666666666666666,0.3333333333333333,16,0.3125,0.31454308703541756
mlp_site_stratified_seed42_seed7,mlp,none,7,test,5,0.3333333333333333,0.4,62,0.5161290322580645,0.377139873081638
mlp_site_stratified_seed42_seed7,mlp,none,7,test,6,0.4,0.4666666666666667,120,0.4083333333333333,0.4371747764448325
mlp_site_stratified_seed42_seed7,mlp,none,7,test,7,0.4666666666666667,0.5333333333333333,357,0.5182072829131653,0.5057057547969979
mlp_site_stratified_seed42_seed7,mlp,none,7,test,8,0.5333333333333333,0.6,464,0.5560344827586207,0.5676189187014925
mlp_site_stratified_seed42_seed7,mlp,none,7,test,9,0.6,0.6666666666666666,455,0.5978021978021978,0.6338049825731215
mlp_site_stratified_seed42_seed7,mlp,none,7,test,10,0.6666666666666666,0.7333333333333333,494,0.6538461538461539,0.7014852545039374
mlp_site_stratified_seed42_seed7,mlp,none,7,test,11,0.7333333333333333,0.8,667,0.7331334332833583,0.7688913062058468
mlp_site_stratified_seed42_seed7,mlp,none,7,test,12,0.8,0.8666666666666667,831,0.7954271961492179,0.8357012834933404
mlp_site_stratified_seed42_seed7,mlp,none,7,test,13,0.8666666666666667,0.9333333333333333,1521,0.8796844181459567,0.9038786934364164
mlp_site_stratified_seed42_seed7,mlp,none,7,test,14,0.9333333333333333,1.0,13520,0.9804733727810651,0.9896509494301835
mlp_site_stratified_seed42_seed73,mlp,none,73,test,0,0.0,0.06666666666666667,0,0.0,0.03333333333333333
mlp_site_stratified_seed42_seed73,mlp,none,73,test,1,0.06666666666666667,0.13333333333333333,0,0.0,0.1
mlp_site_stratified_seed42_seed73,mlp,none,73,test,2,0.13333333333333333,0.2,0,0.0,0.16666666666666669
mlp_site_stratified_seed42_seed73,mlp,none,73,test,3,0.2,0.26666666666666666,3,0.0,0.2522538900375366
mlp_site_stratified_seed42_seed73,mlp,none,73,test,4,0.26666666666666666,0.3333333333333333,17,0.23529411764705882,0.3153373318559983
mlp_site_stratified_seed42_seed73,mlp,none,73,test,5,0.3333333333333333,0.4,48,0.4791666666666667,0.3753285116205613
mlp_site_stratified_seed42_seed73,mlp,none,73,test,6,0.4,0.4666666666666667,118,0.3644067796610169,0.4371780066166894
mlp_site_stratified_seed42_seed73,mlp,none,73,test,7,0.4666666666666667,0.5333333333333333,355,0.48732394366197185,0.5044966314040439
mlp_site_stratified_seed42_seed73,mlp,none,73,test,8,0.5333333333333333,0.6,445,0.5820224719101124,0.5674787040506856
mlp_site_stratified_seed42_seed73,mlp,none,73,test,9,0.6,0.6666666666666666,464,0.6142241379310345,0.6321254131095163
mlp_site_stratified_seed42_seed73,mlp,none,73,test,10,0.6666666666666666,0.7333333333333333,469,0.6631130063965884,0.7015274655081825
mlp_site_stratified_seed42_seed73,mlp,none,73,test,11,0.7333333333333333,0.8,661,0.7518910741301059,0.7683089449438133
mlp_site_stratified_seed42_seed73,mlp,none,73,test,12,0.8,0.8666666666666667,852,0.7863849765258216,0.8351796634600196
mlp_site_stratified_seed42_seed73,mlp,none,73,test,13,0.8666666666666667,0.9333333333333333,1446,0.8775933609958506,0.9040909168796091
mlp_site_stratified_seed42_seed73,mlp,none,73,test,14,0.9333333333333333,1.0,13630,0.9828319882611886,0.9900922977215914
