run_id,dataset_name,dataset_version,split_id,split_hash,seed,graph_name,model_name,metric_name,metric_value,partition,donor_id,site,class_label,observed_support,status,failure_metadata,feature_manifest_hash,preprocessing_config_hash,graph_artifact_hash,label_mapping_hash,model_config_hash,runtime_seconds,timestamp,error_type,error_message
logistic_regression_site_stratified_seed42,stephenson_2021_healthy_pbmc,2025-11-08,site_stratified_seed42,1fab2da901f2cc2838d3715a21e1b62a9fd9a33d1188f9f28b174c576163635e,42,none,logistic_regression,macro_f1,0.9131955257703689,train,,,,,success,,751e9858f48c4950ebbb5daae2207956d5adf1101e667d013994b50d256283a3,02db0690cc8f6748ddb925fd67f2e01940b5ffc5724d7caeb476b83c607c1f08,,cb3b67fd2e9382471882e395b5ef282694a83ad9e058108bcce1c694610b0d9e,6f4e4cd0bd0c1882b932ad5401c3fc684544ed860f47eb528be39710db653095,5.394247000003816,2026-08-16T11:22:12.679398+00:00,,
logistic_regression_site_stratified_seed42,stephenson_2021_healthy_pbmc,2025-11-08,site_stratified_seed42,1fab2da901f2cc2838d3715a21e1b62a9fd9a33d1188f9f28b174c576163635e,42,none,logistic_regression,weighted_f1,0.9206342369286823,train,,,,,success,,751e9858f48c4950ebbb5daae2207956d5adf1101e667d013994b50d256283a3,02db0690cc8f6748ddb925fd67f2e01940b5ffc5724d7caeb476b83c607c1f08,,cb3b67fd2e9382471882e395b5ef282694a83ad9e058108bcce1c694610b0d9e,6f4e4cd0bd0c1882b932ad5401c3fc684544ed860f47eb528be39710db653095,5.394247000003816,2026-08-16T11:22:12.679409+00:00,,
logistic_regression_site_stratified_seed42,stephenson_2021_healthy_pbmc,2025-11-08,site_stratified_seed42,1fab2da901f2cc2838d3715a21e1b62a9fd9a33d1188f9f28b174c576163635e,42,none,logistic_regression,balanced_accuracy,0.9096231117679482,train,,,,,success,,751e9858f48c4950ebbb5daae2207956d5adf1101e667d013994b50d256283a3,02db0690cc8f6748ddb925fd67f2e01940b5ffc5724d7caeb476b83c607c1f08,,cb3b67fd2e9382471882e395b5ef282694a83ad9e058108bcce1c694610b0d9e,6f4e4cd0bd0c1882b932ad5401c3fc684544ed860f47eb528be39710db653095,5.394247000003816,2026-08-16T11:22:12.679415+00:00,,
logistic_regression_site_stratified_seed42,stephenson_2021_healthy_pbmc,2025-11-08,site_stratified_seed42,1fab2da901f2cc2838d3715a21e1b62a9fd9a33d1188f9f28b174c576163635e,42,none,logistic_regression,overall_accuracy,0.9209138840070299,train,,,,,success,,751e9858f48c4950ebbb5daae2207956d5adf1101e667d013994b50d256283a3,02db0690cc8f6748ddb925fd67f2e01940b5ffc5724d7caeb476b83c607c1f08,,cb3b67fd2e9382471882e395b5ef282694a83ad9e058108bcce1c694610b0d9e,6f4e4cd0bd0c1882b932ad5401c3fc684544ed860f47eb528be39710db653095,5.394247000003816,2026-08-16T11:22:12.679419+00:00,,
logistic_regression_site_stratified_seed42,stephenson_2021_healthy_pbmc,2025-11-08,site_stratified_seed42,1fab2da901f2cc2838d3715a21e1b62a9fd9a33d1188f9f28b174c576163635e,42,none,logistic_regression,macro_precision,0.9171171256911418,train,,,,,success,,751e9858f48c4950ebbb5daae2207956d5adf1101e667d013994b50d256283a3,02db0690cc8f6748ddb925fd67f2e01940b5ffc5724d7caeb476b83c607c1f08,,cb3b67fd2e9382471882e395b5ef282694a83ad9e058108bcce1c694610b0d9e,6f4e4cd0bd0c1882b932ad5401c3fc684544ed860f47eb528be39710db653095,5.394247000003816,2026-08-16T11:22:12.679423+00:00,,
logistic_regression_site_stratified_seed42,stephenson_2021_healthy_pbmc,2025-11-08,site_stratified_seed42,1fab2da901f2cc2838d3715a21e1b62a9fd9a33d1188f9f28b174c576163635e,42,none,logistic_regression,macro_recall,0.9096231117679482,train,,,,,success,,751e9858f48c4950ebbb5daae2207956d5adf1101e667d013994b50d256283a3,02db0690cc8f6748ddb925fd67f2e01940b5ffc5724d7caeb476b83c607c1f08,,cb3b67fd2e9382471882e395b5ef282694a83ad9e058108bcce1c694610b0d9e,6f4e4cd0bd0c1882b932ad5401c3fc684544ed860f47eb528be39710db653095,5.394247000003816,2026-08-16T11:22:12.679427+00:00,,
logistic_regression_site_stratified_seed42,stephenson_2021_healthy_pbmc,2025-11-08,site_stratified_seed42,1fab2da901f2cc2838d3715a21e1b62a9fd9a33d1188f9f28b174c576163635e,42,none,logistic_regression,site_observed_macro_f1,0.9011400296376756,train,,Cambridge,,26251.0,success,,751e9858f48c4950ebbb5daae2207956d5adf1101e667d013994b50d256283a3,02db0690cc8f6748ddb925fd67f2e01940b5ffc5724d7caeb476b83c607c1f08,,cb3b67fd2e9382471882e395b5ef282694a83ad9e058108bcce1c694610b0d9e,6f4e4cd0bd0c1882b932ad5401c3fc684544ed860f47eb528be39710db653095,5.394247000003816,2026-08-16T11:22:12.679433+00:00,,
logistic_regression_site_stratified_seed42,stephenson_2021_healthy_pbmc,2025-11-08,site_stratified_seed42,1fab2da901f2cc2838d3715a21e1b62a9fd9a33d1188f9f28b174c576163635e,42,none,logistic_regression,site_global_macro_f1,0.9011400296376756,train,,Cambridge,,26251.0,success,,751e9858f48c4950ebbb5daae2207956d5adf1101e667d013994b50d256283a3,02db0690cc8f6748ddb925fd67f2e01940b5ffc5724d7caeb476b83c607c1f08,,cb3b67fd2e9382471882e395b5ef282694a83ad9e058108bcce1c694610b0d9e,6f4e4cd0bd0c1882b932ad5401c3fc684544ed860f47eb528be39710db653095,5.394247000003816,2026-08-16T11:22:12.679438+00:00,,
logistic_regression_site_stratified_seed42,stephenson_2021_healthy_pbmc,2025-11-08,site_stratified_seed42,1fab2da901f2cc2838d3715a21e1b62a9fd9a33d1188f9f28b174c576163635e,42,none,logistic_regression,site_balanced_accuracy,0.8921416803468096,train,,Cambridge,,26251.0,success,,751e9858f48c4950ebbb5daae2207956d5adf1101e667d013994b50d256283a3,02db0690cc8f6748ddb925fd67f2e01940b5ffc5724d7caeb476b83c607c1f08,,cb3b67fd2e9382471882e395b5ef282694a83ad9e058108bcce1c694610b0d9e,6f4e4cd0bd0c1882b932ad5401c3fc684544ed860f47eb528be39710db653095,5.394247000003816,2026-08-16T11:22:12.679442+00:00,,
logistic_regression_site_stratified_seed42,stephenson_2021_healthy_pbmc,2025-11-08,site_stratified_seed42,1fab2da901f2cc2838d3715a21e1b62a9fd9a33d1188f9f28b174c576163635e,42,none,logistic_regression,site_overall_accuracy,0.936231000723782,train,,Cambridge,,26251.0,success,,751e9858f48c4950ebbb5daae2207956d5adf1101e667d013994b50d256283a3,02db0690cc8f6748ddb925fd67f2e01940b5ffc5724d7caeb476b83c607c1f08,,cb3b67fd2e9382471882e395b5ef282694a83ad9e058108bcce1c694610b0d9e,6f4e4cd0bd0c1882b932ad5401c3fc684544ed860f47eb528be39710db653095,5.394247000003816,2026-08-16T11:22:12.679446+00:00,,
logistic_regression_site_stratified_seed42,stephenson_2021_healthy_pbmc,2025-11-08,site_stratified_seed42,1fab2da901f2cc2838d3715a21e1b62a9fd9a33d1188f9f28b174c576163635e,42,none,logistic_regression,site_observed_macro_f1,0.8840112545550255,train,,Newcastle,,12441.0,success,,751e9858f48c4950ebbb5daae2207956d5adf1101e667d013994b50d256283a3,02db0690cc8f6748ddb925fd67f2e01940b5ffc5724d7caeb476b83c607c1f08,,cb3b67fd2e9382471882e395b5ef282694a83ad9e058108bcce1c694610b0d9e,6f4e4cd0bd0c1882b932ad5401c3fc684544ed860f47eb528be39710db653095,5.394247000003816,2026-08-16T11:22:12.679451+00:00,,
logistic_regression_site_stratified_seed42,stephenson_2021_healthy_pbmc,2025-11-08,site_stratified_seed42,1fab2da901f2cc2838d3715a21e1b62a9fd9a33d1188f9f28b174c576163635e,42,none,logistic_regression,site_global_macro_f1,0.8840112545550255,train,,Newcastle,,12441.0,success,,751e9858f48c4950ebbb5daae2207956d5adf1101e667d013994b50d256283a3,02db0690cc8f6748ddb925fd67f2e01940b5ffc5724d7caeb476b83c607c1f08,,cb3b67fd2e9382471882e395b5ef282694a83ad9e058108bcce1c694610b0d9e,6f4e4cd0bd0c1882b932ad5401c3fc684544ed860f47eb528be39710db653095,5.394247000003816,2026-08-16T11:22:12.679454+00:00,,
logistic_regression_site_stratified_seed42,stephenson_2021_healthy_pbmc,2025-11-08,site_stratified_seed42,1fab2da901f2cc2838d3715a21e1b62a9fd9a33d1188f9f28b174c576163635e,42,none,logistic_regression,site_balanced_accuracy,0.8786116245751298,train,,Newcastle,,12441.0,success,,751e9858f48c4950ebbb5daae2207956d5adf1101e667d013994b50d256283a3,02db0690cc8f6748ddb925fd67f2e01940b5ffc5724d7caeb476b83c607c1f08,,cb3b67fd2e9382471882e395b5ef282694a83ad9e058108bcce1c694610b0d9e,6f4e4cd0bd0c1882b932ad5401c3fc684544ed860f47eb528be39710db653095,5.394247000003816,2026-08-16T11:22:12.679458+00:00,,
logistic_regression_site_stratified_seed42,stephenson_2021_healthy_pbmc,2025-11-08,site_stratified_seed42,1fab2da901f2cc2838d3715a21e1b62a9fd9a33d1188f9f28b174c576163635e,42,none,logistic_regression,site_overall_accuracy,0.8885941644562334,train,,Newcastle,,12441.0,success,,751e9858f48c4950ebbb5daae2207956d5adf1101e667d013994b50d256283a3,02db0690cc8f6748ddb925fd67f2e01940b5ffc5724d7caeb476b83c607c1f08,,cb3b67fd2e9382471882e395b5ef282694a83ad9e058108bcce1c694610b0d9e,6f4e4cd0bd0c1882b932ad5401c3fc684544ed860f47eb528be39710db653095,5.394247000003816,2026-08-16T11:22:12.679461+00:00,,
logistic_regression_site_stratified_seed42,stephenson_2021_healthy_pbmc,2025-11-08,site_stratified_seed42,1fab2da901f2cc2838d3715a21e1b62a9fd9a33d1188f9f28b174c576163635e,42,none,logistic_regression,donor_observed_macro_f1,0.984227156646323,train,C-8914,Cambridge,,914.0,success,,751e9858f48c4950ebbb5daae2207956d5adf1101e667d013994b50d256283a3,02db0690cc8f6748ddb925fd67f2e01940b5ffc5724d7caeb476b83c607c1f08,,cb3b67fd2e9382471882e395b5ef282694a83ad9e058108bcce1c694610b0d9e,6f4e4cd0bd0c1882b932ad5401c3fc684544ed860f47eb528be39710db653095,5.394247000003816,2026-08-16T11:22:12.679467+00:00,,
logistic_regression_site_stratified_seed42,stephenson_2021_healthy_pbmc,2025-11-08,site_stratified_seed42,1fab2da901f2cc2838d3715a21e1b62a9fd9a33d1188f9f28b174c576163635e,42,none,logistic_regression,donor_global_macro_f1,0.4100946486026346,train,C-8914,Cambridge,,914.0,success,,751e9858f48c4950ebbb5daae2207956d5adf1101e667d013994b50d256283a3,02db0690cc8f6748ddb925fd67f2e01940b5ffc5724d7caeb476b83c607c1f08,,cb3b67fd2e9382471882e395b5ef282694a83ad9e058108bcce1c694610b0d9e,6f4e4cd0bd0c1882b932ad5401c3fc684544ed860f47eb528be39710db653095,5.394247000003816,2026-08-16T11:22:12.679471+00:00,,
logistic_regression_site_stratified_seed42,stephenson_2021_healthy_pbmc,2025-11-08,site_stratified_seed42,1fab2da901f2cc2838d3715a21e1b62a9fd9a33d1188f9f28b174c576163635e,42,none,logistic_regression,donor_balanced_accuracy,0.9797972972972973,train,C-8914,Cambridge,,914.0,success,,751e9858f48c4950ebbb5daae2207956d5adf1101e667d013994b50d256283a3,02db0690cc8f6748ddb925fd67f2e01940b5ffc5724d7caeb476b83c607c1f08,,cb3b67fd2e9382471882e395b5ef282694a83ad9e058108bcce1c694610b0d9e,6f4e4cd0bd0c1882b932ad5401c3fc684544ed860f47eb528be39710db653095,5.394247000003816,2026-08-16T11:22:12.679475+00:00,,
logistic_regression_site_stratified_seed42,stephenson_2021_healthy_pbmc,2025-11-08,site_stratified_seed42,1fab2da901f2cc2838d3715a21e1b62a9fd9a33d1188f9f28b174c576163635e,42,none,logistic_regression,donor_observed_macro_f1,0.8598020926815796,train,C-8930,Cambridge,,3563.0,success,,751e9858f48c4950ebbb5daae2207956d5adf1101e667d013994b50d256283a3,02db0690cc8f6748ddb925fd67f2e01940b5ffc5724d7caeb476b83c607c1f08,,cb3b67fd2e9382471882e395b5ef282694a83ad9e058108bcce1c694610b0d9e,6f4e4cd0bd0c1882b932ad5401c3fc684544ed860f47eb528be39710db653095,5.394247000003816,2026-08-16T11:22:12.679481+00:00,,
logistic_regression_site_stratified_seed42,stephenson_2021_healthy_pbmc,2025-11-08,site_stratified_seed42,1fab2da901f2cc2838d3715a21e1b62a9fd9a33d1188f9f28b174c576163635e,42,none,logistic_regression,donor_global_macro_f1,0.8598020926815796,train,C-8930,Cambridge,,3563.0,success,,751e9858f48c4950ebbb5daae2207956d5adf1101e667d013994b50d256283a3,02db0690cc8f6748ddb925fd67f2e01940b5ffc5724d7caeb476b83c607c1f08,,cb3b67fd2e9382471882e395b5ef282694a83ad9e058108bcce1c694610b0d9e,6f4e4cd0bd0c1882b932ad5401c3fc684544ed860f47eb528be39710db653095,5.394247000003816,2026-08-16T11:22:12.679485+00:00,,
logistic_regression_site_stratified_seed42,stephenson_2021_healthy_pbmc,2025-11-08,site_stratified_seed42,1fab2da901f2cc2838d3715a21e1b62a9fd9a33d1188f9f28b174c576163635e,42,none,logistic_regression,donor_balanced_accuracy,0.8473772960187512,train,C-8930,Cambridge,,3563.0,success,,751e9858f48c4950ebbb5daae2207956d5adf1101e667d013994b50d256283a3,02db0690cc8f6748ddb925fd67f2e01940b5ffc5724d7caeb476b83c607c1f08,,cb3b67fd2e9382471882e395b5ef282694a83ad9e058108bcce1c694610b0d9e,6f4e4cd0bd0c1882b932ad5401c3fc684544ed860f47eb528be39710db653095,5.394247000003816,2026-08-16T11:22:12.679489+00:00,,
logistic_regression_site_stratified_seed42,stephenson_2021_healthy_pbmc,2025-11-08,site_stratified_seed42,1fab2da901f2cc2838d3715a21e1b62a9fd9a33d1188f9f28b174c576163635e,42,none,logistic_regression,donor_observed_macro_f1,0.880912434370834,train,C-8937,Cambridge,,4306.0,success,,751e9858f48c4950ebbb5daae2207956d5adf1101e667d013994b50d256283a3,02db0690cc8f6748ddb925fd67f2e01940b5ffc5724d7caeb476b83c607c1f08,,cb3b67fd2e9382471882e395b5ef282694a83ad9e058108bcce1c694610b0d9e,6f4e4cd0bd0c1882b932ad5401c3fc684544ed860f47eb528be39710db653095,5.394247000003816,2026-08-16T11:22:12.679493+00:00,,
logistic_regression_site_stratified_seed42,stephenson_2021_healthy_pbmc,2025-11-08,site_stratified_seed42,1fab2da901f2cc2838d3715a21e1b62a9fd9a33d1188f9f28b174c576163635e,42,none,logistic_regression,donor_global_macro_f1,0.880912434370834,train,C-8937,Cambridge,,4306.0,success,,751e9858f48c4950ebbb5daae2207956d5adf1101e667d013994b50d256283a3,02db0690cc8f6748ddb925fd67f2e01940b5ffc5724d7caeb476b83c607c1f08,,cb3b67fd2e9382471882e395b5ef282694a83ad9e058108bcce1c694610b0d9e,6f4e4cd0bd0c1882b932ad5401c3fc684544ed860f47eb528be39710db653095,5.394247000003816,2026-08-16T11:22:12.679497+00:00,,
logistic_regression_site_stratified_seed42,stephenson_2021_healthy_pbmc,2025-11-08,site_stratified_seed42,1fab2da901f2cc2838d3715a21e1b62a9fd9a33d1188f9f28b174c576163635e,42,none,logistic_regression,donor_balanced_accuracy,0.8698620178819536,train,C-8937,Cambridge,,4306.0,success,,751e9858f48c4950ebbb5daae2207956d5adf1101e667d013994b50d256283a3,02db0690cc8f6748ddb925fd67f2e01940b5ffc5724d7caeb476b83c607c1f08,,cb3b67fd2e9382471882e395b5ef282694a83ad9e058108bcce1c694610b0d9e,6f4e4cd0bd0c1882b932ad5401c3fc684544ed860f47eb528be39710db653095,5.394247000003816,2026-08-16T11:22:12.679500+00:00,,
logistic_regression_site_stratified_seed42,stephenson_2021_healthy_pbmc,2025-11-08,site_stratified_seed42,1fab2da901f2cc2838d3715a21e1b62a9fd9a33d1188f9f28b174c576163635e,42,none,logistic_regression,donor_observed_macro_f1,0.8877884486086788,train,C-8941,Cambridge,,1892.0,success,,751e9858f48c4950ebbb5daae2207956d5adf1101e667d013994b50d256283a3,02db0690cc8f6748ddb925fd67f2e01940b5ffc5724d7caeb476b83c607c1f08,,cb3b67fd2e9382471882e395b5ef282694a83ad9e058108bcce1c694610b0d9e,6f4e4cd0bd0c1882b932ad5401c3fc684544ed860f47eb528be39710db653095,5.394247000003816,2026-08-16T11:22:12.679504+00:00,,
logistic_regression_site_stratified_seed42,stephenson_2021_healthy_pbmc,2025-11-08,site_stratified_seed42,1fab2da901f2cc2838d3715a21e1b62a9fd9a33d1188f9f28b174c576163635e,42,none,logistic_regression,donor_global_macro_f1,0.8877884486086788,train,C-8941,Cambridge,,1892.0,success,,751e9858f48c4950ebbb5daae2207956d5adf1101e667d013994b50d256283a3,02db0690cc8f6748ddb925fd67f2e01940b5ffc5724d7caeb476b83c607c1f08,,cb3b67fd2e9382471882e395b5ef282694a83ad9e058108bcce1c694610b0d9e,6f4e4cd0bd0c1882b932ad5401c3fc684544ed860f47eb528be39710db653095,5.394247000003816,2026-08-16T11:22:12.679507+00:00,,
logistic_regression_site_stratified_seed42,stephenson_2021_healthy_pbmc,2025-11-08,site_stratified_seed42,1fab2da901f2cc2838d3715a21e1b62a9fd9a33d1188f9f28b174c576163635e,42,none,logistic_regression,donor_balanced_accuracy,0.8758471954134374,train,C-8941,Cambridge,,1892.0,success,,751e9858f48c4950ebbb5daae2207956d5adf1101e667d013994b50d256283a3,02db0690cc8f6748ddb925fd67f2e01940b5ffc5724d7caeb476b83c607c1f08,,cb3b67fd2e9382471882e395b5ef282694a83ad9e058108bcce1c694610b0d9e,6f4e4cd0bd0c1882b932ad5401c3fc684544ed860f47eb528be39710db653095,5.394247000003816,2026-08-16T11:22:12.679511+00:00,,
logistic_regression_site_stratified_seed42,stephenson_2021_healthy_pbmc,2025-11-08,site_stratified_seed42,1fab2da901f2cc2838d3715a21e1b62a9fd9a33d1188f9f28b174c576163635e,42,none,logistic_regression,donor_observed_macro_f1,0.8658630139723216,train,C-8942,Cambridge,,5906.0,success,,751e9858f48c4950ebbb5daae2207956d5adf1101e667d013994b50d256283a3,02db0690cc8f6748ddb925fd67f2e01940b5ffc5724d7caeb476b83c607c1f08,,cb3b67fd2e9382471882e395b5ef282694a83ad9e058108bcce1c694610b0d9e,6f4e4cd0bd0c1882b932ad5401c3fc684544ed860f47eb528be39710db653095,5.394247000003816,2026-08-16T11:22:12.679515+00:00,,
logistic_regression_site_stratified_seed42,stephenson_2021_healthy_pbmc,2025-11-08,site_stratified_seed42,1fab2da901f2cc2838d3715a21e1b62a9fd9a33d1188f9f28b174c576163635e,42,none,logistic_regression,donor_global_macro_f1,0.8658630139723216,train,C-8942,Cambridge,,5906.0,success,,751e9858f48c4950ebbb5daae2207956d5adf1101e667d013994b50d256283a3,02db0690cc8f6748ddb925fd67f2e01940b5ffc5724d7caeb476b83c607c1f08,,cb3b67fd2e9382471882e395b5ef282694a83ad9e058108bcce1c694610b0d9e,6f4e4cd0bd0c1882b932ad5401c3fc684544ed860f47eb528be39710db653095,5.394247000003816,2026-08-16T11:22:12.679520+00:00,,
logistic_regression_site_stratified_seed42,stephenson_2021_healthy_pbmc,2025-11-08,site_stratified_seed42,1fab2da901f2cc2838d3715a21e1b62a9fd9a33d1188f9f28b174c576163635e,42,none,logistic_regression,donor_balanced_accuracy,0.8597526296675279,train,C-8942,Cambridge,,5906.0,success,,751e9858f48c4950ebbb5daae2207956d5adf1101e667d013994b50d256283a3,02db0690cc8f6748ddb925fd67f2e01940b5ffc5724d7caeb476b83c607c1f08,,cb3b67fd2e9382471882e395b5ef282694a83ad9e058108bcce1c694610b0d9e,6f4e4cd0bd0c1882b932ad5401c3fc684544ed860f47eb528be39710db653095,5.394247000003816,2026-08-16T11:22:12.679524+00:00,,
logistic_regression_site_stratified_seed42,stephenson_2021_healthy_pbmc,2025-11-08,site_stratified_seed42,1fab2da901f2cc2838d3715a21e1b62a9fd9a33d1188f9f28b174c576163635e,42,none,logistic_regression,donor_observed_macro_f1,0.9078399203829712,train,C-8946,Cambridge,,9670.0,success,,751e9858f48c4950ebbb5daae2207956d5adf1101e667d013994b50d256283a3,02db0690cc8f6748ddb925fd67f2e01940b5ffc5724d7caeb476b83c607c1f08,,cb3b67fd2e9382471882e395b5ef282694a83ad9e058108bcce1c694610b0d9e,6f4e4cd0bd0c1882b932ad5401c3fc684544ed860f47eb528be39710db653095,5.394247000003816,2026-08-16T11:22:12.679527+00:00,,
logistic_regression_site_stratified_seed42,stephenson_2021_healthy_pbmc,2025-11-08,site_stratified_seed42,1fab2da901f2cc2838d3715a21e1b62a9fd9a33d1188f9f28b174c576163635e,42,none,logistic_regression,donor_global_macro_f1,0.9078399203829712,train,C-8946,Cambridge,,9670.0,success,,751e9858f48c4950ebbb5daae2207956d5adf1101e667d013994b50d256283a3,02db0690cc8f6748ddb925fd67f2e01940b5ffc5724d7caeb476b83c607c1f08,,cb3b67fd2e9382471882e395b5ef282694a83ad9e058108bcce1c694610b0d9e,6f4e4cd0bd0c1882b932ad5401c3fc684544ed860f47eb528be39710db653095,5.394247000003816,2026-08-16T11:22:12.679531+00:00,,
logistic_regression_site_stratified_seed42,stephenson_2021_healthy_pbmc,2025-11-08,site_stratified_seed42,1fab2da901f2cc2838d3715a21e1b62a9fd9a33d1188f9f28b174c576163635e,42,none,logistic_regression,donor_balanced_accuracy,0.8922470635505726,train,C-8946,Cambridge,,9670.0,success,,751e9858f48c4950ebbb5daae2207956d5adf1101e667d013994b50d256283a3,02db0690cc8f6748ddb925fd67f2e01940b5ffc5724d7caeb476b83c607c1f08,,cb3b67fd2e9382471882e395b5ef282694a83ad9e058108bcce1c694610b0d9e,6f4e4cd0bd0c1882b932ad5401c3fc684544ed860f47eb528be39710db653095,5.394247000003816,2026-08-16T11:22:12.679535+00:00,,
logistic_regression_site_stratified_seed42,stephenson_2021_healthy_pbmc,2025-11-08,site_stratified_seed42,1fab2da901f2cc2838d3715a21e1b62a9fd9a33d1188f9f28b174c576163635e,42,none,logistic_regression,donor_observed_macro_f1,0.880255083702132,train,CV0902,Newcastle,,3350.0,success,,751e9858f48c4950ebbb5daae2207956d5adf1101e667d013994b50d256283a3,02db0690cc8f6748ddb925fd67f2e01940b5ffc5724d7caeb476b83c607c1f08,,cb3b67fd2e9382471882e395b5ef282694a83ad9e058108bcce1c694610b0d9e,6f4e4cd0bd0c1882b932ad5401c3fc684544ed860f47eb528be39710db653095,5.394247000003816,2026-08-16T11:22:12.679538+00:00,,
logistic_regression_site_stratified_seed42,stephenson_2021_healthy_pbmc,2025-11-08,site_stratified_seed42,1fab2da901f2cc2838d3715a21e1b62a9fd9a33d1188f9f28b174c576163635e,42,none,logistic_regression,donor_global_macro_f1,0.880255083702132,train,CV0902,Newcastle,,3350.0,success,,751e9858f48c4950ebbb5daae2207956d5adf1101e667d013994b50d256283a3,02db0690cc8f6748ddb925fd67f2e01940b5ffc5724d7caeb476b83c607c1f08,,cb3b67fd2e9382471882e395b5ef282694a83ad9e058108bcce1c694610b0d9e,6f4e4cd0bd0c1882b932ad5401c3fc684544ed860f47eb528be39710db653095,5.394247000003816,2026-08-16T11:22:12.679543+00:00,,
logistic_regression_site_stratified_seed42,stephenson_2021_healthy_pbmc,2025-11-08,site_stratified_seed42,1fab2da901f2cc2838d3715a21e1b62a9fd9a33d1188f9f28b174c576163635e,42,none,logistic_regression,donor_balanced_accuracy,0.8776178560695586,train,CV0902,Newcastle,,3350.0,success,,751e9858f48c4950ebbb5daae2207956d5adf1101e667d013994b50d256283a3,02db0690cc8f6748ddb925fd67f2e01940b5ffc5724d7caeb476b83c607c1f08,,cb3b67fd2e9382471882e395b5ef282694a83ad9e058108bcce1c694610b0d9e,6f4e4cd0bd0c1882b932ad5401c3fc684544ed860f47eb528be39710db653095,5.394247000003816,2026-08-16T11:22:12.679547+00:00,,
logistic_regression_site_stratified_seed42,stephenson_2021_healthy_pbmc,2025-11-08,site_stratified_seed42,1fab2da901f2cc2838d3715a21e1b62a9fd9a33d1188f9f28b174c576163635e,42,none,logistic_regression,donor_observed_macro_f1,0.8231754565252546,train,CV0917,Newcastle,,2113.0,success,,751e9858f48c4950ebbb5daae2207956d5adf1101e667d013994b50d256283a3,02db0690cc8f6748ddb925fd67f2e01940b5ffc5724d7caeb476b83c607c1f08,,cb3b67fd2e9382471882e395b5ef282694a83ad9e058108bcce1c694610b0d9e,6f4e4cd0bd0c1882b932ad5401c3fc684544ed860f47eb528be39710db653095,5.394247000003816,2026-08-16T11:22:12.679550+00:00,,
logistic_regression_site_stratified_seed42,stephenson_2021_healthy_pbmc,2025-11-08,site_stratified_seed42,1fab2da901f2cc2838d3715a21e1b62a9fd9a33d1188f9f28b174c576163635e,42,none,logistic_regression,donor_global_macro_f1,0.8231754565252546,train,CV0917,Newcastle,,2113.0,success,,751e9858f48c4950ebbb5daae2207956d5adf1101e667d013994b50d256283a3,02db0690cc8f6748ddb925fd67f2e01940b5ffc5724d7caeb476b83c607c1f08,,cb3b67fd2e9382471882e395b5ef282694a83ad9e058108bcce1c694610b0d9e,6f4e4cd0bd0c1882b932ad5401c3fc684544ed860f47eb528be39710db653095,5.394247000003816,2026-08-16T11:22:12.679554+00:00,,
logistic_regression_site_stratified_seed42,stephenson_2021_healthy_pbmc,2025-11-08,site_stratified_seed42,1fab2da901f2cc2838d3715a21e1b62a9fd9a33d1188f9f28b174c576163635e,42,none,logistic_regression,donor_balanced_accuracy,0.8193107787138816,train,CV0917,Newcastle,,2113.0,success,,751e9858f48c4950ebbb5daae2207956d5adf1101e667d013994b50d256283a3,02db0690cc8f6748ddb925fd67f2e01940b5ffc5724d7caeb476b83c607c1f08,,cb3b67fd2e9382471882e395b5ef282694a83ad9e058108bcce1c694610b0d9e,6f4e4cd0bd0c1882b932ad5401c3fc684544ed860f47eb528be39710db653095,5.394247000003816,2026-08-16T11:22:12.679557+00:00,,
logistic_regression_site_stratified_seed42,stephenson_2021_healthy_pbmc,2025-11-08,site_stratified_seed42,1fab2da901f2cc2838d3715a21e1b62a9fd9a33d1188f9f28b174c576163635e,42,none,logistic_regression,donor_observed_macro_f1,0.8301545434559646,train,CV0926,Newcastle,,2012.0,success,,751e9858f48c4950ebbb5daae2207956d5adf1101e667d013994b50d256283a3,02db0690cc8f6748ddb925fd67f2e01940b5ffc5724d7caeb476b83c607c1f08,,cb3b67fd2e9382471882e395b5ef282694a83ad9e058108bcce1c694610b0d9e,6f4e4cd0bd0c1882b932ad5401c3fc684544ed860f47eb528be39710db653095,5.394247000003816,2026-08-16T11:22:12.679562+00:00,,
logistic_regression_site_stratified_seed42,stephenson_2021_healthy_pbmc,2025-11-08,site_stratified_seed42,1fab2da901f2cc2838d3715a21e1b62a9fd9a33d1188f9f28b174c576163635e,42,none,logistic_regression,donor_global_macro_f1,0.8301545434559646,train,CV0926,Newcastle,,2012.0,success,,751e9858f48c4950ebbb5daae2207956d5adf1101e667d013994b50d256283a3,02db0690cc8f6748ddb925fd67f2e01940b5ffc5724d7caeb476b83c607c1f08,,cb3b67fd2e9382471882e395b5ef282694a83ad9e058108bcce1c694610b0d9e,6f4e4cd0bd0c1882b932ad5401c3fc684544ed860f47eb528be39710db653095,5.394247000003816,2026-08-16T11:22:12.679566+00:00,,
logistic_regression_site_stratified_seed42,stephenson_2021_healthy_pbmc,2025-11-08,site_stratified_seed42,1fab2da901f2cc2838d3715a21e1b62a9fd9a33d1188f9f28b174c576163635e,42,none,logistic_regression,donor_balanced_accuracy,0.8350836280166855,train,CV0926,Newcastle,,2012.0,success,,751e9858f48c4950ebbb5daae2207956d5adf1101e667d013994b50d256283a3,02db0690cc8f6748ddb925fd67f2e01940b5ffc5724d7caeb476b83c607c1f08,,cb3b67fd2e9382471882e395b5ef282694a83ad9e058108bcce1c694610b0d9e,6f4e4cd0bd0c1882b932ad5401c3fc684544ed860f47eb528be39710db653095,5.394247000003816,2026-08-16T11:22:12.679569+00:00,,
logistic_regression_site_stratified_seed42,stephenson_2021_healthy_pbmc,2025-11-08,site_stratified_seed42,1fab2da901f2cc2838d3715a21e1b62a9fd9a33d1188f9f28b174c576163635e,42,none,logistic_regression,donor_observed_macro_f1,0.8891381291332205,train,CV0934,Newcastle,,2921.0,success,,751e9858f48c4950ebbb5daae2207956d5adf1101e667d013994b50d256283a3,02db0690cc8f6748ddb925fd67f2e01940b5ffc5724d7caeb476b83c607c1f08,,cb3b67fd2e9382471882e395b5ef282694a83ad9e058108bcce1c694610b0d9e,6f4e4cd0bd0c1882b932ad5401c3fc684544ed860f47eb528be39710db653095,5.394247000003816,2026-08-16T11:22:12.679573+00:00,,
logistic_regression_site_stratified_seed42,stephenson_2021_healthy_pbmc,2025-11-08,site_stratified_seed42,1fab2da901f2cc2838d3715a21e1b62a9fd9a33d1188f9f28b174c576163635e,42,none,logistic_regression,donor_global_macro_f1,0.8891381291332205,train,CV0934,Newcastle,,2921.0,success,,751e9858f48c4950ebbb5daae2207956d5adf1101e667d013994b50d256283a3,02db0690cc8f6748ddb925fd67f2e01940b5ffc5724d7caeb476b83c607c1f08,,cb3b67fd2e9382471882e395b5ef282694a83ad9e058108bcce1c694610b0d9e,6f4e4cd0bd0c1882b932ad5401c3fc684544ed860f47eb528be39710db653095,5.394247000003816,2026-08-16T11:22:12.679577+00:00,,
logistic_regression_site_stratified_seed42,stephenson_2021_healthy_pbmc,2025-11-08,site_stratified_seed42,1fab2da901f2cc2838d3715a21e1b62a9fd9a33d1188f9f28b174c576163635e,42,none,logistic_regression,donor_balanced_accuracy,0.8811698694660995,train,CV0934,Newcastle,,2921.0,success,,751e9858f48c4950ebbb5daae2207956d5adf1101e667d013994b50d256283a3,02db0690cc8f6748ddb925fd67f2e01940b5ffc5724d7caeb476b83c607c1f08,,cb3b67fd2e9382471882e395b5ef282694a83ad9e058108bcce1c694610b0d9e,6f4e4cd0bd0c1882b932ad5401c3fc684544ed860f47eb528be39710db653095,5.394247000003816,2026-08-16T11:22:12.679580+00:00,,
logistic_regression_site_stratified_seed42,stephenson_2021_healthy_pbmc,2025-11-08,site_stratified_seed42,1fab2da901f2cc2838d3715a21e1b62a9fd9a33d1188f9f28b174c576163635e,42,none,logistic_regression,donor_observed_macro_f1,0.9064694684586158,train,CV0939,Newcastle,,1505.0,success,,751e9858f48c4950ebbb5daae2207956d5adf1101e667d013994b50d256283a3,02db0690cc8f6748ddb925fd67f2e01940b5ffc5724d7caeb476b83c607c1f08,,cb3b67fd2e9382471882e395b5ef282694a83ad9e058108bcce1c694610b0d9e,6f4e4cd0bd0c1882b932ad5401c3fc684544ed860f47eb528be39710db653095,5.394247000003816,2026-08-16T11:22:12.679584+00:00,,
logistic_regression_site_stratified_seed42,stephenson_2021_healthy_pbmc,2025-11-08,site_stratified_seed42,1fab2da901f2cc2838d3715a21e1b62a9fd9a33d1188f9f28b174c576163635e,42,none,logistic_regression,donor_global_macro_f1,0.9064694684586158,train,CV0939,Newcastle,,1505.0,success,,751e9858f48c4950ebbb5daae2207956d5adf1101e667d013994b50d256283a3,02db0690cc8f6748ddb925fd67f2e01940b5ffc5724d7caeb476b83c607c1f08,,cb3b67fd2e9382471882e395b5ef282694a83ad9e058108bcce1c694610b0d9e,6f4e4cd0bd0c1882b932ad5401c3fc684544ed860f47eb528be39710db653095,5.394247000003816,2026-08-16T11:22:12.679587+00:00,,
logistic_regression_site_stratified_seed42,stephenson_2021_healthy_pbmc,2025-11-08,site_stratified_seed42,1fab2da901f2cc2838d3715a21e1b62a9fd9a33d1188f9f28b174c576163635e,42,none,logistic_regression,donor_balanced_accuracy,0.8950264411589476,train,CV0939,Newcastle,,1505.0,success,,751e9858f48c4950ebbb5daae2207956d5adf1101e667d013994b50d256283a3,02db0690cc8f6748ddb925fd67f2e01940b5ffc5724d7caeb476b83c607c1f08,,cb3b67fd2e9382471882e395b5ef282694a83ad9e058108bcce1c694610b0d9e,6f4e4cd0bd0c1882b932ad5401c3fc684544ed860f47eb528be39710db653095,5.394247000003816,2026-08-16T11:22:12.679591+00:00,,
logistic_regression_site_stratified_seed42,stephenson_2021_healthy_pbmc,2025-11-08,site_stratified_seed42,1fab2da901f2cc2838d3715a21e1b62a9fd9a33d1188f9f28b174c576163635e,42,none,logistic_regression,donor_observed_macro_f1,0.8699423731852111,train,CV0944,Newcastle,,540.0,success,,751e9858f48c4950ebbb5daae2207956d5adf1101e667d013994b50d256283a3,02db0690cc8f6748ddb925fd67f2e01940b5ffc5724d7caeb476b83c607c1f08,,cb3b67fd2e9382471882e395b5ef282694a83ad9e058108bcce1c694610b0d9e,6f4e4cd0bd0c1882b932ad5401c3fc684544ed860f47eb528be39710db653095,5.394247000003816,2026-08-16T11:22:12.679595+00:00,,
logistic_regression_site_stratified_seed42,stephenson_2021_healthy_pbmc,2025-11-08,site_stratified_seed42,1fab2da901f2cc2838d3715a21e1b62a9fd9a33d1188f9f28b174c576163635e,42,none,logistic_regression,donor_global_macro_f1,0.8699423731852111,train,CV0944,Newcastle,,540.0,success,,751e9858f48c4950ebbb5daae2207956d5adf1101e667d013994b50d256283a3,02db0690cc8f6748ddb925fd67f2e01940b5ffc5724d7caeb476b83c607c1f08,,cb3b67fd2e9382471882e395b5ef282694a83ad9e058108bcce1c694610b0d9e,6f4e4cd0bd0c1882b932ad5401c3fc684544ed860f47eb528be39710db653095,5.394247000003816,2026-08-16T11:22:12.679599+00:00,,
logistic_regression_site_stratified_seed42,stephenson_2021_healthy_pbmc,2025-11-08,site_stratified_seed42,1fab2da901f2cc2838d3715a21e1b62a9fd9a33d1188f9f28b174c576163635e,42,none,logistic_regression,donor_balanced_accuracy,0.8696030681932938,train,CV0944,Newcastle,,540.0,success,,751e9858f48c4950ebbb5daae2207956d5adf1101e667d013994b50d256283a3,02db0690cc8f6748ddb925fd67f2e01940b5ffc5724d7caeb476b83c607c1f08,,cb3b67fd2e9382471882e395b5ef282694a83ad9e058108bcce1c694610b0d9e,6f4e4cd0bd0c1882b932ad5401c3fc684544ed860f47eb528be39710db653095,5.394247000003816,2026-08-16T11:22:12.679602+00:00,,
logistic_regression_site_stratified_seed42,stephenson_2021_healthy_pbmc,2025-11-08,site_stratified_seed42,1fab2da901f2cc2838d3715a21e1b62a9fd9a33d1188f9f28b174c576163635e,42,none,logistic_regression,class_f1,1.0,train,,,CD14-positive monocyte,5317.0,success,,751e9858f48c4950ebbb5daae2207956d5adf1101e667d013994b50d256283a3,02db0690cc8f6748ddb925fd67f2e01940b5ffc5724d7caeb476b83c607c1f08,,cb3b67fd2e9382471882e395b5ef282694a83ad9e058108bcce1c694610b0d9e,6f4e4cd0bd0c1882b932ad5401c3fc684544ed860f47eb528be39710db653095,5.394247000003816,2026-08-16T11:22:12.679607+00:00,,
logistic_regression_site_stratified_seed42,stephenson_2021_healthy_pbmc,2025-11-08,site_stratified_seed42,1fab2da901f2cc2838d3715a21e1b62a9fd9a33d1188f9f28b174c576163635e,42,none,logistic_regression,class_f1,0.9281927710843374,train,,,"CD16-negative, CD56-bright natural killer cell, human",1048.0,success,,751e9858f48c4950ebbb5daae2207956d5adf1101e667d013994b50d256283a3,02db0690cc8f6748ddb925fd67f2e01940b5ffc5724d7caeb476b83c607c1f08,,cb3b67fd2e9382471882e395b5ef282694a83ad9e058108bcce1c694610b0d9e,6f4e4cd0bd0c1882b932ad5401c3fc684544ed860f47eb528be39710db653095,5.394247000003816,2026-08-16T11:22:12.679612+00:00,,
logistic_regression_site_stratified_seed42,stephenson_2021_healthy_pbmc,2025-11-08,site_stratified_seed42,1fab2da901f2cc2838d3715a21e1b62a9fd9a33d1188f9f28b174c576163635e,42,none,logistic_regression,class_f1,0.9849155599278571,train,,,"CD16-positive, CD56-dim natural killer cell, human",6089.0,success,,751e9858f48c4950ebbb5daae2207956d5adf1101e667d013994b50d256283a3,02db0690cc8f6748ddb925fd67f2e01940b5ffc5724d7caeb476b83c607c1f08,,cb3b67fd2e9382471882e395b5ef282694a83ad9e058108bcce1c694610b0d9e,6f4e4cd0bd0c1882b932ad5401c3fc684544ed860f47eb528be39710db653095,5.394247000003816,2026-08-16T11:22:12.679615+00:00,,
logistic_regression_site_stratified_seed42,stephenson_2021_healthy_pbmc,2025-11-08,site_stratified_seed42,1fab2da901f2cc2838d3715a21e1b62a9fd9a33d1188f9f28b174c576163635e,42,none,logistic_regression,class_f1,0.7716413279553211,train,,,"central memory CD4-positive, alpha-beta T cell",3245.0,success,,751e9858f48c4950ebbb5daae2207956d5adf1101e667d013994b50d256283a3,02db0690cc8f6748ddb925fd67f2e01940b5ffc5724d7caeb476b83c607c1f08,,cb3b67fd2e9382471882e395b5ef282694a83ad9e058108bcce1c694610b0d9e,6f4e4cd0bd0c1882b932ad5401c3fc684544ed860f47eb528be39710db653095,5.394247000003816,2026-08-16T11:22:12.679619+00:00,,
logistic_regression_site_stratified_seed42,stephenson_2021_healthy_pbmc,2025-11-08,site_stratified_seed42,1fab2da901f2cc2838d3715a21e1b62a9fd9a33d1188f9f28b174c576163635e,42,none,logistic_regression,class_f1,0.9331646637149483,train,,,"effector CD8-positive, alpha-beta T cell",2351.0,success,,751e9858f48c4950ebbb5daae2207956d5adf1101e667d013994b50d256283a3,02db0690cc8f6748ddb925fd67f2e01940b5ffc5724d7caeb476b83c607c1f08,,cb3b67fd2e9382471882e395b5ef282694a83ad9e058108bcce1c694610b0d9e,6f4e4cd0bd0c1882b932ad5401c3fc684544ed860f47eb528be39710db653095,5.394247000003816,2026-08-16T11:22:12.679623+00:00,,
logistic_regression_site_stratified_seed42,stephenson_2021_healthy_pbmc,2025-11-08,site_stratified_seed42,1fab2da901f2cc2838d3715a21e1b62a9fd9a33d1188f9f28b174c576163635e,42,none,logistic_regression,class_f1,0.8482403048643802,train,,,"effector memory CD8-positive, alpha-beta T cell",2257.0,success,,751e9858f48c4950ebbb5daae2207956d5adf1101e667d013994b50d256283a3,02db0690cc8f6748ddb925fd67f2e01940b5ffc5724d7caeb476b83c607c1f08,,cb3b67fd2e9382471882e395b5ef282694a83ad9e058108bcce1c694610b0d9e,6f4e4cd0bd0c1882b932ad5401c3fc684544ed860f47eb528be39710db653095,5.394247000003816,2026-08-16T11:22:12.679627+00:00,,
logistic_regression_site_stratified_seed42,stephenson_2021_healthy_pbmc,2025-11-08,site_stratified_seed42,1fab2da901f2cc2838d3715a21e1b62a9fd9a33d1188f9f28b174c576163635e,42,none,logistic_regression,class_f1,0.8765686458138228,train,,,gamma-delta T cell,2743.0,success,,751e9858f48c4950ebbb5daae2207956d5adf1101e667d013994b50d256283a3,02db0690cc8f6748ddb925fd67f2e01940b5ffc5724d7caeb476b83c607c1f08,,cb3b67fd2e9382471882e395b5ef282694a83ad9e058108bcce1c694610b0d9e,6f4e4cd0bd0c1882b932ad5401c3fc684544ed860f47eb528be39710db653095,5.394247000003816,2026-08-16T11:22:12.679630+00:00,,
logistic_regression_site_stratified_seed42,stephenson_2021_healthy_pbmc,2025-11-08,site_stratified_seed42,1fab2da901f2cc2838d3715a21e1b62a9fd9a33d1188f9f28b174c576163635e,42,none,logistic_regression,class_f1,0.8497902097902098,train,,,mucosal invariant T cell,1837.0,success,,751e9858f48c4950ebbb5daae2207956d5adf1101e667d013994b50d256283a3,02db0690cc8f6748ddb925fd67f2e01940b5ffc5724d7caeb476b83c607c1f08,,cb3b67fd2e9382471882e395b5ef282694a83ad9e058108bcce1c694610b0d9e,6f4e4cd0bd0c1882b932ad5401c3fc684544ed860f47eb528be39710db653095,5.394247000003816,2026-08-16T11:22:12.679634+00:00,,
logistic_regression_site_stratified_seed42,stephenson_2021_healthy_pbmc,2025-11-08,site_stratified_seed42,1fab2da901f2cc2838d3715a21e1b62a9fd9a33d1188f9f28b174c576163635e,42,none,logistic_regression,class_f1,1.0,train,,,naive B cell,2249.0,success,,751e9858f48c4950ebbb5daae2207956d5adf1101e667d013994b50d256283a3,02db0690cc8f6748ddb925fd67f2e01940b5ffc5724d7caeb476b83c607c1f08,,cb3b67fd2e9382471882e395b5ef282694a83ad9e058108bcce1c694610b0d9e,6f4e4cd0bd0c1882b932ad5401c3fc684544ed860f47eb528be39710db653095,5.394247000003816,2026-08-16T11:22:12.679638+00:00,,
logistic_regression_site_stratified_seed42,stephenson_2021_healthy_pbmc,2025-11-08,site_stratified_seed42,1fab2da901f2cc2838d3715a21e1b62a9fd9a33d1188f9f28b174c576163635e,42,none,logistic_regression,class_f1,0.9064422143088378,train,,,"naive thymus-derived CD4-positive, alpha-beta T cell",7557.0,success,,751e9858f48c4950ebbb5daae2207956d5adf1101e667d013994b50d256283a3,02db0690cc8f6748ddb925fd67f2e01940b5ffc5724d7caeb476b83c607c1f08,,cb3b67fd2e9382471882e395b5ef282694a83ad9e058108bcce1c694610b0d9e,6f4e4cd0bd0c1882b932ad5401c3fc684544ed860f47eb528be39710db653095,5.394247000003816,2026-08-16T11:22:12.679642+00:00,,
logistic_regression_site_stratified_seed42,stephenson_2021_healthy_pbmc,2025-11-08,site_stratified_seed42,1fab2da901f2cc2838d3715a21e1b62a9fd9a33d1188f9f28b174c576163635e,42,none,logistic_regression,class_f1,0.9030186255619782,train,,,"naive thymus-derived CD8-positive, alpha-beta T cell",3131.0,success,,751e9858f48c4950ebbb5daae2207956d5adf1101e667d013994b50d256283a3,02db0690cc8f6748ddb925fd67f2e01940b5ffc5724d7caeb476b83c607c1f08,,cb3b67fd2e9382471882e395b5ef282694a83ad9e058108bcce1c694610b0d9e,6f4e4cd0bd0c1882b932ad5401c3fc684544ed860f47eb528be39710db653095,5.394247000003816,2026-08-16T11:22:12.679646+00:00,,
logistic_regression_site_stratified_seed42,stephenson_2021_healthy_pbmc,2025-11-08,site_stratified_seed42,1fab2da901f2cc2838d3715a21e1b62a9fd9a33d1188f9f28b174c576163635e,42,none,logistic_regression,class_f1,0.9563719862227325,train,,,platelet,868.0,success,,751e9858f48c4950ebbb5daae2207956d5adf1101e667d013994b50d256283a3,02db0690cc8f6748ddb925fd67f2e01940b5ffc5724d7caeb476b83c607c1f08,,cb3b67fd2e9382471882e395b5ef282694a83ad9e058108bcce1c694610b0d9e,6f4e4cd0bd0c1882b932ad5401c3fc684544ed860f47eb528be39710db653095,5.394247000003816,2026-08-16T11:22:12.679649+00:00,,
logistic_regression_site_stratified_seed42,stephenson_2021_healthy_pbmc,2025-11-08,site_stratified_seed42,1fab2da901f2cc2838d3715a21e1b62a9fd9a33d1188f9f28b174c576163635e,42,none,logistic_regression,macro_f1,0.8751908340215925,val,,,,,success,,751e9858f48c4950ebbb5daae2207956d5adf1101e667d013994b50d256283a3,02db0690cc8f6748ddb925fd67f2e01940b5ffc5724d7caeb476b83c607c1f08,,cb3b67fd2e9382471882e395b5ef282694a83ad9e058108bcce1c694610b0d9e,6f4e4cd0bd0c1882b932ad5401c3fc684544ed860f47eb528be39710db653095,5.394247000003816,2026-08-16T11:22:12.679654+00:00,,
logistic_regression_site_stratified_seed42,stephenson_2021_healthy_pbmc,2025-11-08,site_stratified_seed42,1fab2da901f2cc2838d3715a21e1b62a9fd9a33d1188f9f28b174c576163635e,42,none,logistic_regression,weighted_f1,0.8941060254390788,val,,,,,success,,751e9858f48c4950ebbb5daae2207956d5adf1101e667d013994b50d256283a3,02db0690cc8f6748ddb925fd67f2e01940b5ffc5724d7caeb476b83c607c1f08,,cb3b67fd2e9382471882e395b5ef282694a83ad9e058108bcce1c694610b0d9e,6f4e4cd0bd0c1882b932ad5401c3fc684544ed860f47eb528be39710db653095,5.394247000003816,2026-08-16T11:22:12.679657+00:00,,
logistic_regression_site_stratified_seed42,stephenson_2021_healthy_pbmc,2025-11-08,site_stratified_seed42,1fab2da901f2cc2838d3715a21e1b62a9fd9a33d1188f9f28b174c576163635e,42,none,logistic_regression,balanced_accuracy,0.87287164570956,val,,,,,success,,751e9858f48c4950ebbb5daae2207956d5adf1101e667d013994b50d256283a3,02db0690cc8f6748ddb925fd67f2e01940b5ffc5724d7caeb476b83c607c1f08,,cb3b67fd2e9382471882e395b5ef282694a83ad9e058108bcce1c694610b0d9e,6f4e4cd0bd0c1882b932ad5401c3fc684544ed860f47eb528be39710db653095,5.394247000003816,2026-08-16T11:22:12.679660+00:00,,
logistic_regression_site_stratified_seed42,stephenson_2021_healthy_pbmc,2025-11-08,site_stratified_seed42,1fab2da901f2cc2838d3715a21e1b62a9fd9a33d1188f9f28b174c576163635e,42,none,logistic_regression,overall_accuracy,0.8959511006939657,val,,,,,success,,751e9858f48c4950ebbb5daae2207956d5adf1101e667d013994b50d256283a3,02db0690cc8f6748ddb925fd67f2e01940b5ffc5724d7caeb476b83c607c1f08,,cb3b67fd2e9382471882e395b5ef282694a83ad9e058108bcce1c694610b0d9e,6f4e4cd0bd0c1882b932ad5401c3fc684544ed860f47eb528be39710db653095,5.394247000003816,2026-08-16T11:22:12.679664+00:00,,
logistic_regression_site_stratified_seed42,stephenson_2021_healthy_pbmc,2025-11-08,site_stratified_seed42,1fab2da901f2cc2838d3715a21e1b62a9fd9a33d1188f9f28b174c576163635e,42,none,logistic_regression,macro_precision,0.8837164014439037,val,,,,,success,,751e9858f48c4950ebbb5daae2207956d5adf1101e667d013994b50d256283a3,02db0690cc8f6748ddb925fd67f2e01940b5ffc5724d7caeb476b83c607c1f08,,cb3b67fd2e9382471882e395b5ef282694a83ad9e058108bcce1c694610b0d9e,6f4e4cd0bd0c1882b932ad5401c3fc684544ed860f47eb528be39710db653095,5.394247000003816,2026-08-16T11:22:12.679667+00:00,,
logistic_regression_site_stratified_seed42,stephenson_2021_healthy_pbmc,2025-11-08,site_stratified_seed42,1fab2da901f2cc2838d3715a21e1b62a9fd9a33d1188f9f28b174c576163635e,42,none,logistic_regression,macro_recall,0.87287164570956,val,,,,,success,,751e9858f48c4950ebbb5daae2207956d5adf1101e667d013994b50d256283a3,02db0690cc8f6748ddb925fd67f2e01940b5ffc5724d7caeb476b83c607c1f08,,cb3b67fd2e9382471882e395b5ef282694a83ad9e058108bcce1c694610b0d9e,6f4e4cd0bd0c1882b932ad5401c3fc684544ed860f47eb528be39710db653095,5.394247000003816,2026-08-16T11:22:12.679670+00:00,,
logistic_regression_site_stratified_seed42,stephenson_2021_healthy_pbmc,2025-11-08,site_stratified_seed42,1fab2da901f2cc2838d3715a21e1b62a9fd9a33d1188f9f28b174c576163635e,42,none,logistic_regression,site_observed_macro_f1,0.8771824144975592,val,,Cambridge,,17352.0,success,,751e9858f48c4950ebbb5daae2207956d5adf1101e667d013994b50d256283a3,02db0690cc8f6748ddb925fd67f2e01940b5ffc5724d7caeb476b83c607c1f08,,cb3b67fd2e9382471882e395b5ef282694a83ad9e058108bcce1c694610b0d9e,6f4e4cd0bd0c1882b932ad5401c3fc684544ed860f47eb528be39710db653095,5.394247000003816,2026-08-16T11:22:12.679674+00:00,,
logistic_regression_site_stratified_seed42,stephenson_2021_healthy_pbmc,2025-11-08,site_stratified_seed42,1fab2da901f2cc2838d3715a21e1b62a9fd9a33d1188f9f28b174c576163635e,42,none,logistic_regression,site_global_macro_f1,0.8771824144975592,val,,Cambridge,,17352.0,success,,751e9858f48c4950ebbb5daae2207956d5adf1101e667d013994b50d256283a3,02db0690cc8f6748ddb925fd67f2e01940b5ffc5724d7caeb476b83c607c1f08,,cb3b67fd2e9382471882e395b5ef282694a83ad9e058108bcce1c694610b0d9e,6f4e4cd0bd0c1882b932ad5401c3fc684544ed860f47eb528be39710db653095,5.394247000003816,2026-08-16T11:22:12.679678+00:00,,
logistic_regression_site_stratified_seed42,stephenson_2021_healthy_pbmc,2025-11-08,site_stratified_seed42,1fab2da901f2cc2838d3715a21e1b62a9fd9a33d1188f9f28b174c576163635e,42,none,logistic_regression,site_balanced_accuracy,0.8691955219541572,val,,Cambridge,,17352.0,success,,751e9858f48c4950ebbb5daae2207956d5adf1101e667d013994b50d256283a3,02db0690cc8f6748ddb925fd67f2e01940b5ffc5724d7caeb476b83c607c1f08,,cb3b67fd2e9382471882e395b5ef282694a83ad9e058108bcce1c694610b0d9e,6f4e4cd0bd0c1882b932ad5401c3fc684544ed860f47eb528be39710db653095,5.394247000003816,2026-08-16T11:22:12.679681+00:00,,
logistic_regression_site_stratified_seed42,stephenson_2021_healthy_pbmc,2025-11-08,site_stratified_seed42,1fab2da901f2cc2838d3715a21e1b62a9fd9a33d1188f9f28b174c576163635e,42,none,logistic_regression,site_overall_accuracy,0.908944213923467,val,,Cambridge,,17352.0,success,,751e9858f48c4950ebbb5daae2207956d5adf1101e667d013994b50d256283a3,02db0690cc8f6748ddb925fd67f2e01940b5ffc5724d7caeb476b83c607c1f08,,cb3b67fd2e9382471882e395b5ef282694a83ad9e058108bcce1c694610b0d9e,6f4e4cd0bd0c1882b932ad5401c3fc684544ed860f47eb528be39710db653095,5.394247000003816,2026-08-16T11:22:12.679685+00:00,,
logistic_regression_site_stratified_seed42,stephenson_2021_healthy_pbmc,2025-11-08,site_stratified_seed42,1fab2da901f2cc2838d3715a21e1b62a9fd9a33d1188f9f28b174c576163635e,42,none,logistic_regression,site_observed_macro_f1,0.8128044500616686,val,,Newcastle,,4407.0,success,,751e9858f48c4950ebbb5daae2207956d5adf1101e667d013994b50d256283a3,02db0690cc8f6748ddb925fd67f2e01940b5ffc5724d7caeb476b83c607c1f08,,cb3b67fd2e9382471882e395b5ef282694a83ad9e058108bcce1c694610b0d9e,6f4e4cd0bd0c1882b932ad5401c3fc684544ed860f47eb528be39710db653095,5.394247000003816,2026-08-16T11:22:12.679689+00:00,,
logistic_regression_site_stratified_seed42,stephenson_2021_healthy_pbmc,2025-11-08,site_stratified_seed42,1fab2da901f2cc2838d3715a21e1b62a9fd9a33d1188f9f28b174c576163635e,42,none,logistic_regression,site_global_macro_f1,0.8128044500616686,val,,Newcastle,,4407.0,success,,751e9858f48c4950ebbb5daae2207956d5adf1101e667d013994b50d256283a3,02db0690cc8f6748ddb925fd67f2e01940b5ffc5724d7caeb476b83c607c1f08,,cb3b67fd2e9382471882e395b5ef282694a83ad9e058108bcce1c694610b0d9e,6f4e4cd0bd0c1882b932ad5401c3fc684544ed860f47eb528be39710db653095,5.394247000003816,2026-08-16T11:22:12.679692+00:00,,
logistic_regression_site_stratified_seed42,stephenson_2021_healthy_pbmc,2025-11-08,site_stratified_seed42,1fab2da901f2cc2838d3715a21e1b62a9fd9a33d1188f9f28b174c576163635e,42,none,logistic_regression,site_balanced_accuracy,0.8289652078777637,val,,Newcastle,,4407.0,success,,751e9858f48c4950ebbb5daae2207956d5adf1101e667d013994b50d256283a3,02db0690cc8f6748ddb925fd67f2e01940b5ffc5724d7caeb476b83c607c1f08,,cb3b67fd2e9382471882e395b5ef282694a83ad9e058108bcce1c694610b0d9e,6f4e4cd0bd0c1882b932ad5401c3fc684544ed860f47eb528be39710db653095,5.394247000003816,2026-08-16T11:22:12.679696+00:00,,
logistic_regression_site_stratified_seed42,stephenson_2021_healthy_pbmc,2025-11-08,site_stratified_seed42,1fab2da901f2cc2838d3715a21e1b62a9fd9a33d1188f9f28b174c576163635e,42,none,logistic_regression,site_overall_accuracy,0.8447923757658271,val,,Newcastle,,4407.0,success,,751e9858f48c4950ebbb5daae2207956d5adf1101e667d013994b50d256283a3,02db0690cc8f6748ddb925fd67f2e01940b5ffc5724d7caeb476b83c607c1f08,,cb3b67fd2e9382471882e395b5ef282694a83ad9e058108bcce1c694610b0d9e,6f4e4cd0bd0c1882b932ad5401c3fc684544ed860f47eb528be39710db653095,5.394247000003816,2026-08-16T11:22:12.679699+00:00,,
logistic_regression_site_stratified_seed42,stephenson_2021_healthy_pbmc,2025-11-08,site_stratified_seed42,1fab2da901f2cc2838d3715a21e1b62a9fd9a33d1188f9f28b174c576163635e,42,none,logistic_regression,donor_observed_macro_f1,0.8934986459775022,val,C-8928,Cambridge,,5582.0,success,,751e9858f48c4950ebbb5daae2207956d5adf1101e667d013994b50d256283a3,02db0690cc8f6748ddb925fd67f2e01940b5ffc5724d7caeb476b83c607c1f08,,cb3b67fd2e9382471882e395b5ef282694a83ad9e058108bcce1c694610b0d9e,6f4e4cd0bd0c1882b932ad5401c3fc684544ed860f47eb528be39710db653095,5.394247000003816,2026-08-16T11:22:12.679703+00:00,,
logistic_regression_site_stratified_seed42,stephenson_2021_healthy_pbmc,2025-11-08,site_stratified_seed42,1fab2da901f2cc2838d3715a21e1b62a9fd9a33d1188f9f28b174c576163635e,42,none,logistic_regression,donor_global_macro_f1,0.8934986459775022,val,C-8928,Cambridge,,5582.0,success,,751e9858f48c4950ebbb5daae2207956d5adf1101e667d013994b50d256283a3,02db0690cc8f6748ddb925fd67f2e01940b5ffc5724d7caeb476b83c607c1f08,,cb3b67fd2e9382471882e395b5ef282694a83ad9e058108bcce1c694610b0d9e,6f4e4cd0bd0c1882b932ad5401c3fc684544ed860f47eb528be39710db653095,5.394247000003816,2026-08-16T11:22:12.679707+00:00,,
logistic_regression_site_stratified_seed42,stephenson_2021_healthy_pbmc,2025-11-08,site_stratified_seed42,1fab2da901f2cc2838d3715a21e1b62a9fd9a33d1188f9f28b174c576163635e,42,none,logistic_regression,donor_balanced_accuracy,0.8847782532422152,val,C-8928,Cambridge,,5582.0,success,,751e9858f48c4950ebbb5daae2207956d5adf1101e667d013994b50d256283a3,02db0690cc8f6748ddb925fd67f2e01940b5ffc5724d7caeb476b83c607c1f08,,cb3b67fd2e9382471882e395b5ef282694a83ad9e058108bcce1c694610b0d9e,6f4e4cd0bd0c1882b932ad5401c3fc684544ed860f47eb528be39710db653095,5.394247000003816,2026-08-16T11:22:12.679711+00:00,,
logistic_regression_site_stratified_seed42,stephenson_2021_healthy_pbmc,2025-11-08,site_stratified_seed42,1fab2da901f2cc2838d3715a21e1b62a9fd9a33d1188f9f28b174c576163635e,42,none,logistic_regression,donor_observed_macro_f1,0.8654369038422457,val,C-8936,Cambridge,,5941.0,success,,751e9858f48c4950ebbb5daae2207956d5adf1101e667d013994b50d256283a3,02db0690cc8f6748ddb925fd67f2e01940b5ffc5724d7caeb476b83c607c1f08,,cb3b67fd2e9382471882e395b5ef282694a83ad9e058108bcce1c694610b0d9e,6f4e4cd0bd0c1882b932ad5401c3fc684544ed860f47eb528be39710db653095,5.394247000003816,2026-08-16T11:22:12.679714+00:00,,
logistic_regression_site_stratified_seed42,stephenson_2021_healthy_pbmc,2025-11-08,site_stratified_seed42,1fab2da901f2cc2838d3715a21e1b62a9fd9a33d1188f9f28b174c576163635e,42,none,logistic_regression,donor_global_macro_f1,0.8654369038422457,val,C-8936,Cambridge,,5941.0,success,,751e9858f48c4950ebbb5daae2207956d5adf1101e667d013994b50d256283a3,02db0690cc8f6748ddb925fd67f2e01940b5ffc5724d7caeb476b83c607c1f08,,cb3b67fd2e9382471882e395b5ef282694a83ad9e058108bcce1c694610b0d9e,6f4e4cd0bd0c1882b932ad5401c3fc684544ed860f47eb528be39710db653095,5.394247000003816,2026-08-16T11:22:12.679719+00:00,,
logistic_regression_site_stratified_seed42,stephenson_2021_healthy_pbmc,2025-11-08,site_stratified_seed42,1fab2da901f2cc2838d3715a21e1b62a9fd9a33d1188f9f28b174c576163635e,42,none,logistic_regression,donor_balanced_accuracy,0.8513326997337493,val,C-8936,Cambridge,,5941.0,success,,751e9858f48c4950ebbb5daae2207956d5adf1101e667d013994b50d256283a3,02db0690cc8f6748ddb925fd67f2e01940b5ffc5724d7caeb476b83c607c1f08,,cb3b67fd2e9382471882e395b5ef282694a83ad9e058108bcce1c694610b0d9e,6f4e4cd0bd0c1882b932ad5401c3fc684544ed860f47eb528be39710db653095,5.394247000003816,2026-08-16T11:22:12.679723+00:00,,
logistic_regression_site_stratified_seed42,stephenson_2021_healthy_pbmc,2025-11-08,site_stratified_seed42,1fab2da901f2cc2838d3715a21e1b62a9fd9a33d1188f9f28b174c576163635e,42,none,logistic_regression,donor_observed_macro_f1,0.8448614018129273,val,C-8943,Cambridge,,5829.0,success,,751e9858f48c4950ebbb5daae2207956d5adf1101e667d013994b50d256283a3,02db0690cc8f6748ddb925fd67f2e01940b5ffc5724d7caeb476b83c607c1f08,,cb3b67fd2e9382471882e395b5ef282694a83ad9e058108bcce1c694610b0d9e,6f4e4cd0bd0c1882b932ad5401c3fc684544ed860f47eb528be39710db653095,5.394247000003816,2026-08-16T11:22:12.679726+00:00,,
logistic_regression_site_stratified_seed42,stephenson_2021_healthy_pbmc,2025-11-08,site_stratified_seed42,1fab2da901f2cc2838d3715a21e1b62a9fd9a33d1188f9f28b174c576163635e,42,none,logistic_regression,donor_global_macro_f1,0.8448614018129273,val,C-8943,Cambridge,,5829.0,success,,751e9858f48c4950ebbb5daae2207956d5adf1101e667d013994b50d256283a3,02db0690cc8f6748ddb925fd67f2e01940b5ffc5724d7caeb476b83c607c1f08,,cb3b67fd2e9382471882e395b5ef282694a83ad9e058108bcce1c694610b0d9e,6f4e4cd0bd0c1882b932ad5401c3fc684544ed860f47eb528be39710db653095,5.394247000003816,2026-08-16T11:22:12.679730+00:00,,
logistic_regression_site_stratified_seed42,stephenson_2021_healthy_pbmc,2025-11-08,site_stratified_seed42,1fab2da901f2cc2838d3715a21e1b62a9fd9a33d1188f9f28b174c576163635e,42,none,logistic_regression,donor_balanced_accuracy,0.8468066585905657,val,C-8943,Cambridge,,5829.0,success,,751e9858f48c4950ebbb5daae2207956d5adf1101e667d013994b50d256283a3,02db0690cc8f6748ddb925fd67f2e01940b5ffc5724d7caeb476b83c607c1f08,,cb3b67fd2e9382471882e395b5ef282694a83ad9e058108bcce1c694610b0d9e,6f4e4cd0bd0c1882b932ad5401c3fc684544ed860f47eb528be39710db653095,5.394247000003816,2026-08-16T11:22:12.679733+00:00,,
logistic_regression_site_stratified_seed42,stephenson_2021_healthy_pbmc,2025-11-08,site_stratified_seed42,1fab2da901f2cc2838d3715a21e1b62a9fd9a33d1188f9f28b174c576163635e,42,none,logistic_regression,donor_observed_macro_f1,0.8188570129076167,val,CV0911,Newcastle,,1573.0,success,,751e9858f48c4950ebbb5daae2207956d5adf1101e667d013994b50d256283a3,02db0690cc8f6748ddb925fd67f2e01940b5ffc5724d7caeb476b83c607c1f08,,cb3b67fd2e9382471882e395b5ef282694a83ad9e058108bcce1c694610b0d9e,6f4e4cd0bd0c1882b932ad5401c3fc684544ed860f47eb528be39710db653095,5.394247000003816,2026-08-16T11:22:12.679737+00:00,,
logistic_regression_site_stratified_seed42,stephenson_2021_healthy_pbmc,2025-11-08,site_stratified_seed42,1fab2da901f2cc2838d3715a21e1b62a9fd9a33d1188f9f28b174c576163635e,42,none,logistic_regression,donor_global_macro_f1,0.8188570129076167,val,CV0911,Newcastle,,1573.0,success,,751e9858f48c4950ebbb5daae2207956d5adf1101e667d013994b50d256283a3,02db0690cc8f6748ddb925fd67f2e01940b5ffc5724d7caeb476b83c607c1f08,,cb3b67fd2e9382471882e395b5ef282694a83ad9e058108bcce1c694610b0d9e,6f4e4cd0bd0c1882b932ad5401c3fc684544ed860f47eb528be39710db653095,5.394247000003816,2026-08-16T11:22:12.679740+00:00,,
logistic_regression_site_stratified_seed42,stephenson_2021_healthy_pbmc,2025-11-08,site_stratified_seed42,1fab2da901f2cc2838d3715a21e1b62a9fd9a33d1188f9f28b174c576163635e,42,none,logistic_regression,donor_balanced_accuracy,0.7977471805550757,val,CV0911,Newcastle,,1573.0,success,,751e9858f48c4950ebbb5daae2207956d5adf1101e667d013994b50d256283a3,02db0690cc8f6748ddb925fd67f2e01940b5ffc5724d7caeb476b83c607c1f08,,cb3b67fd2e9382471882e395b5ef282694a83ad9e058108bcce1c694610b0d9e,6f4e4cd0bd0c1882b932ad5401c3fc684544ed860f47eb528be39710db653095,5.394247000003816,2026-08-16T11:22:12.679744+00:00,,
logistic_regression_site_stratified_seed42,stephenson_2021_healthy_pbmc,2025-11-08,site_stratified_seed42,1fab2da901f2cc2838d3715a21e1b62a9fd9a33d1188f9f28b174c576163635e,42,none,logistic_regression,donor_observed_macro_f1,0.7643704616582246,val,CV0915,Newcastle,,1713.0,success,,751e9858f48c4950ebbb5daae2207956d5adf1101e667d013994b50d256283a3,02db0690cc8f6748ddb925fd67f2e01940b5ffc5724d7caeb476b83c607c1f08,,cb3b67fd2e9382471882e395b5ef282694a83ad9e058108bcce1c694610b0d9e,6f4e4cd0bd0c1882b932ad5401c3fc684544ed860f47eb528be39710db653095,5.394247000003816,2026-08-16T11:22:12.679748+00:00,,
logistic_regression_site_stratified_seed42,stephenson_2021_healthy_pbmc,2025-11-08,site_stratified_seed42,1fab2da901f2cc2838d3715a21e1b62a9fd9a33d1188f9f28b174c576163635e,42,none,logistic_regression,donor_global_macro_f1,0.7643704616582246,val,CV0915,Newcastle,,1713.0,success,,751e9858f48c4950ebbb5daae2207956d5adf1101e667d013994b50d256283a3,02db0690cc8f6748ddb925fd67f2e01940b5ffc5724d7caeb476b83c607c1f08,,cb3b67fd2e9382471882e395b5ef282694a83ad9e058108bcce1c694610b0d9e,6f4e4cd0bd0c1882b932ad5401c3fc684544ed860f47eb528be39710db653095,5.394247000003816,2026-08-16T11:22:12.679751+00:00,,
logistic_regression_site_stratified_seed42,stephenson_2021_healthy_pbmc,2025-11-08,site_stratified_seed42,1fab2da901f2cc2838d3715a21e1b62a9fd9a33d1188f9f28b174c576163635e,42,none,logistic_regression,donor_balanced_accuracy,0.8589340062944372,val,CV0915,Newcastle,,1713.0,success,,751e9858f48c4950ebbb5daae2207956d5adf1101e667d013994b50d256283a3,02db0690cc8f6748ddb925fd67f2e01940b5ffc5724d7caeb476b83c607c1f08,,cb3b67fd2e9382471882e395b5ef282694a83ad9e058108bcce1c694610b0d9e,6f4e4cd0bd0c1882b932ad5401c3fc684544ed860f47eb528be39710db653095,5.394247000003816,2026-08-16T11:22:12.679754+00:00,,
logistic_regression_site_stratified_seed42,stephenson_2021_healthy_pbmc,2025-11-08,site_stratified_seed42,1fab2da901f2cc2838d3715a21e1b62a9fd9a33d1188f9f28b174c576163635e,42,none,logistic_regression,donor_observed_macro_f1,0.8076583321430032,val,CV0929,Newcastle,,1121.0,success,,751e9858f48c4950ebbb5daae2207956d5adf1101e667d013994b50d256283a3,02db0690cc8f6748ddb925fd67f2e01940b5ffc5724d7caeb476b83c607c1f08,,cb3b67fd2e9382471882e395b5ef282694a83ad9e058108bcce1c694610b0d9e,6f4e4cd0bd0c1882b932ad5401c3fc684544ed860f47eb528be39710db653095,5.394247000003816,2026-08-16T11:22:12.679758+00:00,,
logistic_regression_site_stratified_seed42,stephenson_2021_healthy_pbmc,2025-11-08,site_stratified_seed42,1fab2da901f2cc2838d3715a21e1b62a9fd9a33d1188f9f28b174c576163635e,42,none,logistic_regression,donor_global_macro_f1,0.8076583321430032,val,CV0929,Newcastle,,1121.0,success,,751e9858f48c4950ebbb5daae2207956d5adf1101e667d013994b50d256283a3,02db0690cc8f6748ddb925fd67f2e01940b5ffc5724d7caeb476b83c607c1f08,,cb3b67fd2e9382471882e395b5ef282694a83ad9e058108bcce1c694610b0d9e,6f4e4cd0bd0c1882b932ad5401c3fc684544ed860f47eb528be39710db653095,5.394247000003816,2026-08-16T11:22:12.679762+00:00,,
logistic_regression_site_stratified_seed42,stephenson_2021_healthy_pbmc,2025-11-08,site_stratified_seed42,1fab2da901f2cc2838d3715a21e1b62a9fd9a33d1188f9f28b174c576163635e,42,none,logistic_regression,donor_balanced_accuracy,0.8010793057347412,val,CV0929,Newcastle,,1121.0,success,,751e9858f48c4950ebbb5daae2207956d5adf1101e667d013994b50d256283a3,02db0690cc8f6748ddb925fd67f2e01940b5ffc5724d7caeb476b83c607c1f08,,cb3b67fd2e9382471882e395b5ef282694a83ad9e058108bcce1c694610b0d9e,6f4e4cd0bd0c1882b932ad5401c3fc684544ed860f47eb528be39710db653095,5.394247000003816,2026-08-16T11:22:12.679765+00:00,,
logistic_regression_site_stratified_seed42,stephenson_2021_healthy_pbmc,2025-11-08,site_stratified_seed42,1fab2da901f2cc2838d3715a21e1b62a9fd9a33d1188f9f28b174c576163635e,42,none,logistic_regression,class_f1,1.0,val,,,CD14-positive monocyte,2979.0,success,,751e9858f48c4950ebbb5daae2207956d5adf1101e667d013994b50d256283a3,02db0690cc8f6748ddb925fd67f2e01940b5ffc5724d7caeb476b83c607c1f08,,cb3b67fd2e9382471882e395b5ef282694a83ad9e058108bcce1c694610b0d9e,6f4e4cd0bd0c1882b932ad5401c3fc684544ed860f47eb528be39710db653095,5.394247000003816,2026-08-16T11:22:12.679769+00:00,,
logistic_regression_site_stratified_seed42,stephenson_2021_healthy_pbmc,2025-11-08,site_stratified_seed42,1fab2da901f2cc2838d3715a21e1b62a9fd9a33d1188f9f28b174c576163635e,42,none,logistic_regression,class_f1,0.8795518207282913,val,,,"CD16-negative, CD56-bright natural killer cell, human",384.0,success,,751e9858f48c4950ebbb5daae2207956d5adf1101e667d013994b50d256283a3,02db0690cc8f6748ddb925fd67f2e01940b5ffc5724d7caeb476b83c607c1f08,,cb3b67fd2e9382471882e395b5ef282694a83ad9e058108bcce1c694610b0d9e,6f4e4cd0bd0c1882b932ad5401c3fc684544ed860f47eb528be39710db653095,5.394247000003816,2026-08-16T11:22:12.679774+00:00,,
logistic_regression_site_stratified_seed42,stephenson_2021_healthy_pbmc,2025-11-08,site_stratified_seed42,1fab2da901f2cc2838d3715a21e1b62a9fd9a33d1188f9f28b174c576163635e,42,none,logistic_regression,class_f1,0.9684957846472415,val,,,"CD16-positive, CD56-dim natural killer cell, human",3358.0,success,,751e9858f48c4950ebbb5daae2207956d5adf1101e667d013994b50d256283a3,02db0690cc8f6748ddb925fd67f2e01940b5ffc5724d7caeb476b83c607c1f08,,cb3b67fd2e9382471882e395b5ef282694a83ad9e058108bcce1c694610b0d9e,6f4e4cd0bd0c1882b932ad5401c3fc684544ed860f47eb528be39710db653095,5.394247000003816,2026-08-16T11:22:12.679778+00:00,,
logistic_regression_site_stratified_seed42,stephenson_2021_healthy_pbmc,2025-11-08,site_stratified_seed42,1fab2da901f2cc2838d3715a21e1b62a9fd9a33d1188f9f28b174c576163635e,42,none,logistic_regression,class_f1,0.6787762906309751,val,,,"central memory CD4-positive, alpha-beta T cell",1833.0,success,,751e9858f48c4950ebbb5daae2207956d5adf1101e667d013994b50d256283a3,02db0690cc8f6748ddb925fd67f2e01940b5ffc5724d7caeb476b83c607c1f08,,cb3b67fd2e9382471882e395b5ef282694a83ad9e058108bcce1c694610b0d9e,6f4e4cd0bd0c1882b932ad5401c3fc684544ed860f47eb528be39710db653095,5.394247000003816,2026-08-16T11:22:12.679782+00:00,,
logistic_regression_site_stratified_seed42,stephenson_2021_healthy_pbmc,2025-11-08,site_stratified_seed42,1fab2da901f2cc2838d3715a21e1b62a9fd9a33d1188f9f28b174c576163635e,42,none,logistic_regression,class_f1,0.88065150238697,val,,,"effector CD8-positive, alpha-beta T cell",1830.0,success,,751e9858f48c4950ebbb5daae2207956d5adf1101e667d013994b50d256283a3,02db0690cc8f6748ddb925fd67f2e01940b5ffc5724d7caeb476b83c607c1f08,,cb3b67fd2e9382471882e395b5ef282694a83ad9e058108bcce1c694610b0d9e,6f4e4cd0bd0c1882b932ad5401c3fc684544ed860f47eb528be39710db653095,5.394247000003816,2026-08-16T11:22:12.679785+00:00,,
logistic_regression_site_stratified_seed42,stephenson_2021_healthy_pbmc,2025-11-08,site_stratified_seed42,1fab2da901f2cc2838d3715a21e1b62a9fd9a33d1188f9f28b174c576163635e,42,none,logistic_regression,class_f1,0.8551188299817185,val,,,"effector memory CD8-positive, alpha-beta T cell",2188.0,success,,751e9858f48c4950ebbb5daae2207956d5adf1101e667d013994b50d256283a3,02db0690cc8f6748ddb925fd67f2e01940b5ffc5724d7caeb476b83c607c1f08,,cb3b67fd2e9382471882e395b5ef282694a83ad9e058108bcce1c694610b0d9e,6f4e4cd0bd0c1882b932ad5401c3fc684544ed860f47eb528be39710db653095,5.394247000003816,2026-08-16T11:22:12.679789+00:00,,
logistic_regression_site_stratified_seed42,stephenson_2021_healthy_pbmc,2025-11-08,site_stratified_seed42,1fab2da901f2cc2838d3715a21e1b62a9fd9a33d1188f9f28b174c576163635e,42,none,logistic_regression,class_f1,0.7811921510551647,val,,,gamma-delta T cell,1216.0,success,,751e9858f48c4950ebbb5daae2207956d5adf1101e667d013994b50d256283a3,02db0690cc8f6748ddb925fd67f2e01940b5ffc5724d7caeb476b83c607c1f08,,cb3b67fd2e9382471882e395b5ef282694a83ad9e058108bcce1c694610b0d9e,6f4e4cd0bd0c1882b932ad5401c3fc684544ed860f47eb528be39710db653095,5.394247000003816,2026-08-16T11:22:12.679792+00:00,,
logistic_regression_site_stratified_seed42,stephenson_2021_healthy_pbmc,2025-11-08,site_stratified_seed42,1fab2da901f2cc2838d3715a21e1b62a9fd9a33d1188f9f28b174c576163635e,42,none,logistic_regression,class_f1,0.7713841368584758,val,,,mucosal invariant T cell,649.0,success,,751e9858f48c4950ebbb5daae2207956d5adf1101e667d013994b50d256283a3,02db0690cc8f6748ddb925fd67f2e01940b5ffc5724d7caeb476b83c607c1f08,,cb3b67fd2e9382471882e395b5ef282694a83ad9e058108bcce1c694610b0d9e,6f4e4cd0bd0c1882b932ad5401c3fc684544ed860f47eb528be39710db653095,5.394247000003816,2026-08-16T11:22:12.679797+00:00,,
logistic_regression_site_stratified_seed42,stephenson_2021_healthy_pbmc,2025-11-08,site_stratified_seed42,1fab2da901f2cc2838d3715a21e1b62a9fd9a33d1188f9f28b174c576163635e,42,none,logistic_regression,class_f1,0.9997443109179238,val,,,naive B cell,1956.0,success,,751e9858f48c4950ebbb5daae2207956d5adf1101e667d013994b50d256283a3,02db0690cc8f6748ddb925fd67f2e01940b5ffc5724d7caeb476b83c607c1f08,,cb3b67fd2e9382471882e395b5ef282694a83ad9e058108bcce1c694610b0d9e,6f4e4cd0bd0c1882b932ad5401c3fc684544ed860f47eb528be39710db653095,5.394247000003816,2026-08-16T11:22:12.679800+00:00,,
logistic_regression_site_stratified_seed42,stephenson_2021_healthy_pbmc,2025-11-08,site_stratified_seed42,1fab2da901f2cc2838d3715a21e1b62a9fd9a33d1188f9f28b174c576163635e,42,none,logistic_regression,class_f1,0.8670662905500706,val,,,"naive thymus-derived CD4-positive, alpha-beta T cell",2651.0,success,,751e9858f48c4950ebbb5daae2207956d5adf1101e667d013994b50d256283a3,02db0690cc8f6748ddb925fd67f2e01940b5ffc5724d7caeb476b83c607c1f08,,cb3b67fd2e9382471882e395b5ef282694a83ad9e058108bcce1c694610b0d9e,6f4e4cd0bd0c1882b932ad5401c3fc684544ed860f47eb528be39710db653095,5.394247000003816,2026-08-16T11:22:12.679805+00:00,,
logistic_regression_site_stratified_seed42,stephenson_2021_healthy_pbmc,2025-11-08,site_stratified_seed42,1fab2da901f2cc2838d3715a21e1b62a9fd9a33d1188f9f28b174c576163635e,42,none,logistic_regression,class_f1,0.9028776978417267,val,,,"naive thymus-derived CD8-positive, alpha-beta T cell",2499.0,success,,751e9858f48c4950ebbb5daae2207956d5adf1101e667d013994b50d256283a3,02db0690cc8f6748ddb925fd67f2e01940b5ffc5724d7caeb476b83c607c1f08,,cb3b67fd2e9382471882e395b5ef282694a83ad9e058108bcce1c694610b0d9e,6f4e4cd0bd0c1882b932ad5401c3fc684544ed860f47eb528be39710db653095,5.394247000003816,2026-08-16T11:22:12.679808+00:00,,
logistic_regression_site_stratified_seed42,stephenson_2021_healthy_pbmc,2025-11-08,site_stratified_seed42,1fab2da901f2cc2838d3715a21e1b62a9fd9a33d1188f9f28b174c576163635e,42,none,logistic_regression,class_f1,0.9174311926605505,val,,,platelet,216.0,success,,751e9858f48c4950ebbb5daae2207956d5adf1101e667d013994b50d256283a3,02db0690cc8f6748ddb925fd67f2e01940b5ffc5724d7caeb476b83c607c1f08,,cb3b67fd2e9382471882e395b5ef282694a83ad9e058108bcce1c694610b0d9e,6f4e4cd0bd0c1882b932ad5401c3fc684544ed860f47eb528be39710db653095,5.394247000003816,2026-08-16T11:22:12.679813+00:00,,
logistic_regression_site_stratified_seed42,stephenson_2021_healthy_pbmc,2025-11-08,site_stratified_seed42,1fab2da901f2cc2838d3715a21e1b62a9fd9a33d1188f9f28b174c576163635e,42,none,logistic_regression,macro_f1,0.8810069766113391,test,,,,,success,,751e9858f48c4950ebbb5daae2207956d5adf1101e667d013994b50d256283a3,02db0690cc8f6748ddb925fd67f2e01940b5ffc5724d7caeb476b83c607c1f08,,cb3b67fd2e9382471882e395b5ef282694a83ad9e058108bcce1c694610b0d9e,6f4e4cd0bd0c1882b932ad5401c3fc684544ed860f47eb528be39710db653095,5.394247000003816,2026-08-16T11:22:12.679817+00:00,,
logistic_regression_site_stratified_seed42,stephenson_2021_healthy_pbmc,2025-11-08,site_stratified_seed42,1fab2da901f2cc2838d3715a21e1b62a9fd9a33d1188f9f28b174c576163635e,42,none,logistic_regression,weighted_f1,0.8942123637611267,test,,,,,success,,751e9858f48c4950ebbb5daae2207956d5adf1101e667d013994b50d256283a3,02db0690cc8f6748ddb925fd67f2e01940b5ffc5724d7caeb476b83c607c1f08,,cb3b67fd2e9382471882e395b5ef282694a83ad9e058108bcce1c694610b0d9e,6f4e4cd0bd0c1882b932ad5401c3fc684544ed860f47eb528be39710db653095,5.394247000003816,2026-08-16T11:22:12.679820+00:00,,
logistic_regression_site_stratified_seed42,stephenson_2021_healthy_pbmc,2025-11-08,site_stratified_seed42,1fab2da901f2cc2838d3715a21e1b62a9fd9a33d1188f9f28b174c576163635e,42,none,logistic_regression,balanced_accuracy,0.890344820970549,test,,,,,success,,751e9858f48c4950ebbb5daae2207956d5adf1101e667d013994b50d256283a3,02db0690cc8f6748ddb925fd67f2e01940b5ffc5724d7caeb476b83c607c1f08,,cb3b67fd2e9382471882e395b5ef282694a83ad9e058108bcce1c694610b0d9e,6f4e4cd0bd0c1882b932ad5401c3fc684544ed860f47eb528be39710db653095,5.394247000003816,2026-08-16T11:22:12.679824+00:00,,
logistic_regression_site_stratified_seed42,stephenson_2021_healthy_pbmc,2025-11-08,site_stratified_seed42,1fab2da901f2cc2838d3715a21e1b62a9fd9a33d1188f9f28b174c576163635e,42,none,logistic_regression,overall_accuracy,0.894586124918954,test,,,,,success,,751e9858f48c4950ebbb5daae2207956d5adf1101e667d013994b50d256283a3,02db0690cc8f6748ddb925fd67f2e01940b5ffc5724d7caeb476b83c607c1f08,,cb3b67fd2e9382471882e395b5ef282694a83ad9e058108bcce1c694610b0d9e,6f4e4cd0bd0c1882b932ad5401c3fc684544ed860f47eb528be39710db653095,5.394247000003816,2026-08-16T11:22:12.679827+00:00,,
logistic_regression_site_stratified_seed42,stephenson_2021_healthy_pbmc,2025-11-08,site_stratified_seed42,1fab2da901f2cc2838d3715a21e1b62a9fd9a33d1188f9f28b174c576163635e,42,none,logistic_regression,macro_precision,0.874633236342031,test,,,,,success,,751e9858f48c4950ebbb5daae2207956d5adf1101e667d013994b50d256283a3,02db0690cc8f6748ddb925fd67f2e01940b5ffc5724d7caeb476b83c607c1f08,,cb3b67fd2e9382471882e395b5ef282694a83ad9e058108bcce1c694610b0d9e,6f4e4cd0bd0c1882b932ad5401c3fc684544ed860f47eb528be39710db653095,5.394247000003816,2026-08-16T11:22:12.679831+00:00,,
logistic_regression_site_stratified_seed42,stephenson_2021_healthy_pbmc,2025-11-08,site_stratified_seed42,1fab2da901f2cc2838d3715a21e1b62a9fd9a33d1188f9f28b174c576163635e,42,none,logistic_regression,macro_recall,0.890344820970549,test,,,,,success,,751e9858f48c4950ebbb5daae2207956d5adf1101e667d013994b50d256283a3,02db0690cc8f6748ddb925fd67f2e01940b5ffc5724d7caeb476b83c607c1f08,,cb3b67fd2e9382471882e395b5ef282694a83ad9e058108bcce1c694610b0d9e,6f4e4cd0bd0c1882b932ad5401c3fc684544ed860f47eb528be39710db653095,5.394247000003816,2026-08-16T11:22:12.679834+00:00,,
logistic_regression_site_stratified_seed42,stephenson_2021_healthy_pbmc,2025-11-08,site_stratified_seed42,1fab2da901f2cc2838d3715a21e1b62a9fd9a33d1188f9f28b174c576163635e,42,none,logistic_regression,site_observed_macro_f1,0.8799273731510592,test,,Cambridge,,10992.0,success,,751e9858f48c4950ebbb5daae2207956d5adf1101e667d013994b50d256283a3,02db0690cc8f6748ddb925fd67f2e01940b5ffc5724d7caeb476b83c607c1f08,,cb3b67fd2e9382471882e395b5ef282694a83ad9e058108bcce1c694610b0d9e,6f4e4cd0bd0c1882b932ad5401c3fc684544ed860f47eb528be39710db653095,5.394247000003816,2026-08-16T11:22:12.679839+00:00,,
logistic_regression_site_stratified_seed42,stephenson_2021_healthy_pbmc,2025-11-08,site_stratified_seed42,1fab2da901f2cc2838d3715a21e1b62a9fd9a33d1188f9f28b174c576163635e,42,none,logistic_regression,site_global_macro_f1,0.8799273731510592,test,,Cambridge,,10992.0,success,,751e9858f48c4950ebbb5daae2207956d5adf1101e667d013994b50d256283a3,02db0690cc8f6748ddb925fd67f2e01940b5ffc5724d7caeb476b83c607c1f08,,cb3b67fd2e9382471882e395b5ef282694a83ad9e058108bcce1c694610b0d9e,6f4e4cd0bd0c1882b932ad5401c3fc684544ed860f47eb528be39710db653095,5.394247000003816,2026-08-16T11:22:12.679842+00:00,,
logistic_regression_site_stratified_seed42,stephenson_2021_healthy_pbmc,2025-11-08,site_stratified_seed42,1fab2da901f2cc2838d3715a21e1b62a9fd9a33d1188f9f28b174c576163635e,42,none,logistic_regression,site_balanced_accuracy,0.878900188884364,test,,Cambridge,,10992.0,success,,751e9858f48c4950ebbb5daae2207956d5adf1101e667d013994b50d256283a3,02db0690cc8f6748ddb925fd67f2e01940b5ffc5724d7caeb476b83c607c1f08,,cb3b67fd2e9382471882e395b5ef282694a83ad9e058108bcce1c694610b0d9e,6f4e4cd0bd0c1882b932ad5401c3fc684544ed860f47eb528be39710db653095,5.394247000003816,2026-08-16T11:22:12.679846+00:00,,
logistic_regression_site_stratified_seed42,stephenson_2021_healthy_pbmc,2025-11-08,site_stratified_seed42,1fab2da901f2cc2838d3715a21e1b62a9fd9a33d1188f9f28b174c576163635e,42,none,logistic_regression,site_overall_accuracy,0.9237627365356623,test,,Cambridge,,10992.0,success,,751e9858f48c4950ebbb5daae2207956d5adf1101e667d013994b50d256283a3,02db0690cc8f6748ddb925fd67f2e01940b5ffc5724d7caeb476b83c607c1f08,,cb3b67fd2e9382471882e395b5ef282694a83ad9e058108bcce1c694610b0d9e,6f4e4cd0bd0c1882b932ad5401c3fc684544ed860f47eb528be39710db653095,5.394247000003816,2026-08-16T11:22:12.679850+00:00,,
logistic_regression_site_stratified_seed42,stephenson_2021_healthy_pbmc,2025-11-08,site_stratified_seed42,1fab2da901f2cc2838d3715a21e1b62a9fd9a33d1188f9f28b174c576163635e,42,none,logistic_regression,site_observed_macro_f1,0.8348899654857559,test,,Newcastle,,7516.0,success,,751e9858f48c4950ebbb5daae2207956d5adf1101e667d013994b50d256283a3,02db0690cc8f6748ddb925fd67f2e01940b5ffc5724d7caeb476b83c607c1f08,,cb3b67fd2e9382471882e395b5ef282694a83ad9e058108bcce1c694610b0d9e,6f4e4cd0bd0c1882b932ad5401c3fc684544ed860f47eb528be39710db653095,5.394247000003816,2026-08-16T11:22:12.679853+00:00,,
logistic_regression_site_stratified_seed42,stephenson_2021_healthy_pbmc,2025-11-08,site_stratified_seed42,1fab2da901f2cc2838d3715a21e1b62a9fd9a33d1188f9f28b174c576163635e,42,none,logistic_regression,site_global_macro_f1,0.8348899654857559,test,,Newcastle,,7516.0,success,,751e9858f48c4950ebbb5daae2207956d5adf1101e667d013994b50d256283a3,02db0690cc8f6748ddb925fd67f2e01940b5ffc5724d7caeb476b83c607c1f08,,cb3b67fd2e9382471882e395b5ef282694a83ad9e058108bcce1c694610b0d9e,6f4e4cd0bd0c1882b932ad5401c3fc684544ed860f47eb528be39710db653095,5.394247000003816,2026-08-16T11:22:12.679858+00:00,,
logistic_regression_site_stratified_seed42,stephenson_2021_healthy_pbmc,2025-11-08,site_stratified_seed42,1fab2da901f2cc2838d3715a21e1b62a9fd9a33d1188f9f28b174c576163635e,42,none,logistic_regression,site_balanced_accuracy,0.8481023855735016,test,,Newcastle,,7516.0,success,,751e9858f48c4950ebbb5daae2207956d5adf1101e667d013994b50d256283a3,02db0690cc8f6748ddb925fd67f2e01940b5ffc5724d7caeb476b83c607c1f08,,cb3b67fd2e9382471882e395b5ef282694a83ad9e058108bcce1c694610b0d9e,6f4e4cd0bd0c1882b932ad5401c3fc684544ed860f47eb528be39710db653095,5.394247000003816,2026-08-16T11:22:12.679861+00:00,,
logistic_regression_site_stratified_seed42,stephenson_2021_healthy_pbmc,2025-11-08,site_stratified_seed42,1fab2da901f2cc2838d3715a21e1b62a9fd9a33d1188f9f28b174c576163635e,42,none,logistic_regression,site_overall_accuracy,0.8519159127195317,test,,Newcastle,,7516.0,success,,751e9858f48c4950ebbb5daae2207956d5adf1101e667d013994b50d256283a3,02db0690cc8f6748ddb925fd67f2e01940b5ffc5724d7caeb476b83c607c1f08,,cb3b67fd2e9382471882e395b5ef282694a83ad9e058108bcce1c694610b0d9e,6f4e4cd0bd0c1882b932ad5401c3fc684544ed860f47eb528be39710db653095,5.394247000003816,2026-08-16T11:22:12.679864+00:00,,
logistic_regression_site_stratified_seed42,stephenson_2021_healthy_pbmc,2025-11-08,site_stratified_seed42,1fab2da901f2cc2838d3715a21e1b62a9fd9a33d1188f9f28b174c576163635e,42,none,logistic_regression,donor_observed_macro_f1,0.8712190917185638,test,C-8938,Cambridge,,2750.0,success,,751e9858f48c4950ebbb5daae2207956d5adf1101e667d013994b50d256283a3,02db0690cc8f6748ddb925fd67f2e01940b5ffc5724d7caeb476b83c607c1f08,,cb3b67fd2e9382471882e395b5ef282694a83ad9e058108bcce1c694610b0d9e,6f4e4cd0bd0c1882b932ad5401c3fc684544ed860f47eb528be39710db653095,5.394247000003816,2026-08-16T11:22:12.679868+00:00,,
logistic_regression_site_stratified_seed42,stephenson_2021_healthy_pbmc,2025-11-08,site_stratified_seed42,1fab2da901f2cc2838d3715a21e1b62a9fd9a33d1188f9f28b174c576163635e,42,none,logistic_regression,donor_global_macro_f1,0.8712190917185638,test,C-8938,Cambridge,,2750.0,success,,751e9858f48c4950ebbb5daae2207956d5adf1101e667d013994b50d256283a3,02db0690cc8f6748ddb925fd67f2e01940b5ffc5724d7caeb476b83c607c1f08,,cb3b67fd2e9382471882e395b5ef282694a83ad9e058108bcce1c694610b0d9e,6f4e4cd0bd0c1882b932ad5401c3fc684544ed860f47eb528be39710db653095,5.394247000003816,2026-08-16T11:22:12.679872+00:00,,
logistic_regression_site_stratified_seed42,stephenson_2021_healthy_pbmc,2025-11-08,site_stratified_seed42,1fab2da901f2cc2838d3715a21e1b62a9fd9a33d1188f9f28b174c576163635e,42,none,logistic_regression,donor_balanced_accuracy,0.8713165413241559,test,C-8938,Cambridge,,2750.0,success,,751e9858f48c4950ebbb5daae2207956d5adf1101e667d013994b50d256283a3,02db0690cc8f6748ddb925fd67f2e01940b5ffc5724d7caeb476b83c607c1f08,,cb3b67fd2e9382471882e395b5ef282694a83ad9e058108bcce1c694610b0d9e,6f4e4cd0bd0c1882b932ad5401c3fc684544ed860f47eb528be39710db653095,5.394247000003816,2026-08-16T11:22:12.679875+00:00,,
logistic_regression_site_stratified_seed42,stephenson_2021_healthy_pbmc,2025-11-08,site_stratified_seed42,1fab2da901f2cc2838d3715a21e1b62a9fd9a33d1188f9f28b174c576163635e,42,none,logistic_regression,donor_observed_macro_f1,0.9836661369446557,test,C-8939,Cambridge,,1615.0,success,,751e9858f48c4950ebbb5daae2207956d5adf1101e667d013994b50d256283a3,02db0690cc8f6748ddb925fd67f2e01940b5ffc5724d7caeb476b83c607c1f08,,cb3b67fd2e9382471882e395b5ef282694a83ad9e058108bcce1c694610b0d9e,6f4e4cd0bd0c1882b932ad5401c3fc684544ed860f47eb528be39710db653095,5.394247000003816,2026-08-16T11:22:12.679880+00:00,,
logistic_regression_site_stratified_seed42,stephenson_2021_healthy_pbmc,2025-11-08,site_stratified_seed42,1fab2da901f2cc2838d3715a21e1b62a9fd9a33d1188f9f28b174c576163635e,42,none,logistic_regression,donor_global_macro_f1,0.4098608903936065,test,C-8939,Cambridge,,1615.0,success,,751e9858f48c4950ebbb5daae2207956d5adf1101e667d013994b50d256283a3,02db0690cc8f6748ddb925fd67f2e01940b5ffc5724d7caeb476b83c607c1f08,,cb3b67fd2e9382471882e395b5ef282694a83ad9e058108bcce1c694610b0d9e,6f4e4cd0bd0c1882b932ad5401c3fc684544ed860f47eb528be39710db653095,5.394247000003816,2026-08-16T11:22:12.679883+00:00,,
logistic_regression_site_stratified_seed42,stephenson_2021_healthy_pbmc,2025-11-08,site_stratified_seed42,1fab2da901f2cc2838d3715a21e1b62a9fd9a33d1188f9f28b174c576163635e,42,none,logistic_regression,donor_balanced_accuracy,0.9853944339820047,test,C-8939,Cambridge,,1615.0,success,,751e9858f48c4950ebbb5daae2207956d5adf1101e667d013994b50d256283a3,02db0690cc8f6748ddb925fd67f2e01940b5ffc5724d7caeb476b83c607c1f08,,cb3b67fd2e9382471882e395b5ef282694a83ad9e058108bcce1c694610b0d9e,6f4e4cd0bd0c1882b932ad5401c3fc684544ed860f47eb528be39710db653095,5.394247000003816,2026-08-16T11:22:12.679888+00:00,,
logistic_regression_site_stratified_seed42,stephenson_2021_healthy_pbmc,2025-11-08,site_stratified_seed42,1fab2da901f2cc2838d3715a21e1b62a9fd9a33d1188f9f28b174c576163635e,42,none,logistic_regression,donor_observed_macro_f1,0.8675201795389921,test,C-8940,Cambridge,,6627.0,success,,751e9858f48c4950ebbb5daae2207956d5adf1101e667d013994b50d256283a3,02db0690cc8f6748ddb925fd67f2e01940b5ffc5724d7caeb476b83c607c1f08,,cb3b67fd2e9382471882e395b5ef282694a83ad9e058108bcce1c694610b0d9e,6f4e4cd0bd0c1882b932ad5401c3fc684544ed860f47eb528be39710db653095,5.394247000003816,2026-08-16T11:22:12.679891+00:00,,
logistic_regression_site_stratified_seed42,stephenson_2021_healthy_pbmc,2025-11-08,site_stratified_seed42,1fab2da901f2cc2838d3715a21e1b62a9fd9a33d1188f9f28b174c576163635e,42,none,logistic_regression,donor_global_macro_f1,0.8675201795389921,test,C-8940,Cambridge,,6627.0,success,,751e9858f48c4950ebbb5daae2207956d5adf1101e667d013994b50d256283a3,02db0690cc8f6748ddb925fd67f2e01940b5ffc5724d7caeb476b83c607c1f08,,cb3b67fd2e9382471882e395b5ef282694a83ad9e058108bcce1c694610b0d9e,6f4e4cd0bd0c1882b932ad5401c3fc684544ed860f47eb528be39710db653095,5.394247000003816,2026-08-16T11:22:12.679895+00:00,,
logistic_regression_site_stratified_seed42,stephenson_2021_healthy_pbmc,2025-11-08,site_stratified_seed42,1fab2da901f2cc2838d3715a21e1b62a9fd9a33d1188f9f28b174c576163635e,42,none,logistic_regression,donor_balanced_accuracy,0.8726238041431182,test,C-8940,Cambridge,,6627.0,success,,751e9858f48c4950ebbb5daae2207956d5adf1101e667d013994b50d256283a3,02db0690cc8f6748ddb925fd67f2e01940b5ffc5724d7caeb476b83c607c1f08,,cb3b67fd2e9382471882e395b5ef282694a83ad9e058108bcce1c694610b0d9e,6f4e4cd0bd0c1882b932ad5401c3fc684544ed860f47eb528be39710db653095,5.394247000003816,2026-08-16T11:22:12.679898+00:00,,
logistic_regression_site_stratified_seed42,stephenson_2021_healthy_pbmc,2025-11-08,site_stratified_seed42,1fab2da901f2cc2838d3715a21e1b62a9fd9a33d1188f9f28b174c576163635e,42,none,logistic_regression,donor_observed_macro_f1,0.8605149920240556,test,CV0904,Newcastle,,5011.0,success,,751e9858f48c4950ebbb5daae2207956d5adf1101e667d013994b50d256283a3,02db0690cc8f6748ddb925fd67f2e01940b5ffc5724d7caeb476b83c607c1f08,,cb3b67fd2e9382471882e395b5ef282694a83ad9e058108bcce1c694610b0d9e,6f4e4cd0bd0c1882b932ad5401c3fc684544ed860f47eb528be39710db653095,5.394247000003816,2026-08-16T11:22:12.679903+00:00,,
logistic_regression_site_stratified_seed42,stephenson_2021_healthy_pbmc,2025-11-08,site_stratified_seed42,1fab2da901f2cc2838d3715a21e1b62a9fd9a33d1188f9f28b174c576163635e,42,none,logistic_regression,donor_global_macro_f1,0.8605149920240556,test,CV0904,Newcastle,,5011.0,success,,751e9858f48c4950ebbb5daae2207956d5adf1101e667d013994b50d256283a3,02db0690cc8f6748ddb925fd67f2e01940b5ffc5724d7caeb476b83c607c1f08,,cb3b67fd2e9382471882e395b5ef282694a83ad9e058108bcce1c694610b0d9e,6f4e4cd0bd0c1882b932ad5401c3fc684544ed860f47eb528be39710db653095,5.394247000003816,2026-08-16T11:22:12.679907+00:00,,
logistic_regression_site_stratified_seed42,stephenson_2021_healthy_pbmc,2025-11-08,site_stratified_seed42,1fab2da901f2cc2838d3715a21e1b62a9fd9a33d1188f9f28b174c576163635e,42,none,logistic_regression,donor_balanced_accuracy,0.870468172488187,test,CV0904,Newcastle,,5011.0,success,,751e9858f48c4950ebbb5daae2207956d5adf1101e667d013994b50d256283a3,02db0690cc8f6748ddb925fd67f2e01940b5ffc5724d7caeb476b83c607c1f08,,cb3b67fd2e9382471882e395b5ef282694a83ad9e058108bcce1c694610b0d9e,6f4e4cd0bd0c1882b932ad5401c3fc684544ed860f47eb528be39710db653095,5.394247000003816,2026-08-16T11:22:12.679910+00:00,,
logistic_regression_site_stratified_seed42,stephenson_2021_healthy_pbmc,2025-11-08,site_stratified_seed42,1fab2da901f2cc2838d3715a21e1b62a9fd9a33d1188f9f28b174c576163635e,42,none,logistic_regression,donor_observed_macro_f1,0.7979342633100218,test,CV0940,Newcastle,,2505.0,success,,751e9858f48c4950ebbb5daae2207956d5adf1101e667d013994b50d256283a3,02db0690cc8f6748ddb925fd67f2e01940b5ffc5724d7caeb476b83c607c1f08,,cb3b67fd2e9382471882e395b5ef282694a83ad9e058108bcce1c694610b0d9e,6f4e4cd0bd0c1882b932ad5401c3fc684544ed860f47eb528be39710db653095,5.394247000003816,2026-08-16T11:22:12.679914+00:00,,
logistic_regression_site_stratified_seed42,stephenson_2021_healthy_pbmc,2025-11-08,site_stratified_seed42,1fab2da901f2cc2838d3715a21e1b62a9fd9a33d1188f9f28b174c576163635e,42,none,logistic_regression,donor_global_macro_f1,0.7979342633100218,test,CV0940,Newcastle,,2505.0,success,,751e9858f48c4950ebbb5daae2207956d5adf1101e667d013994b50d256283a3,02db0690cc8f6748ddb925fd67f2e01940b5ffc5724d7caeb476b83c607c1f08,,cb3b67fd2e9382471882e395b5ef282694a83ad9e058108bcce1c694610b0d9e,6f4e4cd0bd0c1882b932ad5401c3fc684544ed860f47eb528be39710db653095,5.394247000003816,2026-08-16T11:22:12.679918+00:00,,
logistic_regression_site_stratified_seed42,stephenson_2021_healthy_pbmc,2025-11-08,site_stratified_seed42,1fab2da901f2cc2838d3715a21e1b62a9fd9a33d1188f9f28b174c576163635e,42,none,logistic_regression,donor_balanced_accuracy,0.8175040221991409,test,CV0940,Newcastle,,2505.0,success,,751e9858f48c4950ebbb5daae2207956d5adf1101e667d013994b50d256283a3,02db0690cc8f6748ddb925fd67f2e01940b5ffc5724d7caeb476b83c607c1f08,,cb3b67fd2e9382471882e395b5ef282694a83ad9e058108bcce1c694610b0d9e,6f4e4cd0bd0c1882b932ad5401c3fc684544ed860f47eb528be39710db653095,5.394247000003816,2026-08-16T11:22:12.679923+00:00,,
logistic_regression_site_stratified_seed42,stephenson_2021_healthy_pbmc,2025-11-08,site_stratified_seed42,1fab2da901f2cc2838d3715a21e1b62a9fd9a33d1188f9f28b174c576163635e,42,none,logistic_regression,class_f1,0.9997778271495223,test,,,CD14-positive monocyte,2250.0,success,,751e9858f48c4950ebbb5daae2207956d5adf1101e667d013994b50d256283a3,02db0690cc8f6748ddb925fd67f2e01940b5ffc5724d7caeb476b83c607c1f08,,cb3b67fd2e9382471882e395b5ef282694a83ad9e058108bcce1c694610b0d9e,6f4e4cd0bd0c1882b932ad5401c3fc684544ed860f47eb528be39710db653095,5.394247000003816,2026-08-16T11:22:12.679927+00:00,,
logistic_regression_site_stratified_seed42,stephenson_2021_healthy_pbmc,2025-11-08,site_stratified_seed42,1fab2da901f2cc2838d3715a21e1b62a9fd9a33d1188f9f28b174c576163635e,42,none,logistic_regression,class_f1,0.9105691056910569,test,,,"CD16-negative, CD56-bright natural killer cell, human",527.0,success,,751e9858f48c4950ebbb5daae2207956d5adf1101e667d013994b50d256283a3,02db0690cc8f6748ddb925fd67f2e01940b5ffc5724d7caeb476b83c607c1f08,,cb3b67fd2e9382471882e395b5ef282694a83ad9e058108bcce1c694610b0d9e,6f4e4cd0bd0c1882b932ad5401c3fc684544ed860f47eb528be39710db653095,5.394247000003816,2026-08-16T11:22:12.679930+00:00,,
logistic_regression_site_stratified_seed42,stephenson_2021_healthy_pbmc,2025-11-08,site_stratified_seed42,1fab2da901f2cc2838d3715a21e1b62a9fd9a33d1188f9f28b174c576163635e,42,none,logistic_regression,class_f1,0.9784172661870504,test,,,"CD16-positive, CD56-dim natural killer cell, human",2928.0,success,,751e9858f48c4950ebbb5daae2207956d5adf1101e667d013994b50d256283a3,02db0690cc8f6748ddb925fd67f2e01940b5ffc5724d7caeb476b83c607c1f08,,cb3b67fd2e9382471882e395b5ef282694a83ad9e058108bcce1c694610b0d9e,6f4e4cd0bd0c1882b932ad5401c3fc684544ed860f47eb528be39710db653095,5.394247000003816,2026-08-16T11:22:12.679934+00:00,,
logistic_regression_site_stratified_seed42,stephenson_2021_healthy_pbmc,2025-11-08,site_stratified_seed42,1fab2da901f2cc2838d3715a21e1b62a9fd9a33d1188f9f28b174c576163635e,42,none,logistic_regression,class_f1,0.7918240391024217,test,,,"central memory CD4-positive, alpha-beta T cell",2359.0,success,,751e9858f48c4950ebbb5daae2207956d5adf1101e667d013994b50d256283a3,02db0690cc8f6748ddb925fd67f2e01940b5ffc5724d7caeb476b83c607c1f08,,cb3b67fd2e9382471882e395b5ef282694a83ad9e058108bcce1c694610b0d9e,6f4e4cd0bd0c1882b932ad5401c3fc684544ed860f47eb528be39710db653095,5.394247000003816,2026-08-16T11:22:12.679937+00:00,,
logistic_regression_site_stratified_seed42,stephenson_2021_healthy_pbmc,2025-11-08,site_stratified_seed42,1fab2da901f2cc2838d3715a21e1b62a9fd9a33d1188f9f28b174c576163635e,42,none,logistic_regression,class_f1,0.9080939947780678,test,,,"effector CD8-positive, alpha-beta T cell",1964.0,success,,751e9858f48c4950ebbb5daae2207956d5adf1101e667d013994b50d256283a3,02db0690cc8f6748ddb925fd67f2e01940b5ffc5724d7caeb476b83c607c1f08,,cb3b67fd2e9382471882e395b5ef282694a83ad9e058108bcce1c694610b0d9e,6f4e4cd0bd0c1882b932ad5401c3fc684544ed860f47eb528be39710db653095,5.394247000003816,2026-08-16T11:22:12.679941+00:00,,
logistic_regression_site_stratified_seed42,stephenson_2021_healthy_pbmc,2025-11-08,site_stratified_seed42,1fab2da901f2cc2838d3715a21e1b62a9fd9a33d1188f9f28b174c576163635e,42,none,logistic_regression,class_f1,0.7625272331154684,test,,,"effector memory CD8-positive, alpha-beta T cell",965.0,success,,751e9858f48c4950ebbb5daae2207956d5adf1101e667d013994b50d256283a3,02db0690cc8f6748ddb925fd67f2e01940b5ffc5724d7caeb476b83c607c1f08,,cb3b67fd2e9382471882e395b5ef282694a83ad9e058108bcce1c694610b0d9e,6f4e4cd0bd0c1882b932ad5401c3fc684544ed860f47eb528be39710db653095,5.394247000003816,2026-08-16T11:22:12.679944+00:00,,
logistic_regression_site_stratified_seed42,stephenson_2021_healthy_pbmc,2025-11-08,site_stratified_seed42,1fab2da901f2cc2838d3715a21e1b62a9fd9a33d1188f9f28b174c576163635e,42,none,logistic_regression,class_f1,0.7193723596861799,test,,,gamma-delta T cell,774.0,success,,751e9858f48c4950ebbb5daae2207956d5adf1101e667d013994b50d256283a3,02db0690cc8f6748ddb925fd67f2e01940b5ffc5724d7caeb476b83c607c1f08,,cb3b67fd2e9382471882e395b5ef282694a83ad9e058108bcce1c694610b0d9e,6f4e4cd0bd0c1882b932ad5401c3fc684544ed860f47eb528be39710db653095,5.394247000003816,2026-08-16T11:22:12.679948+00:00,,
logistic_regression_site_stratified_seed42,stephenson_2021_healthy_pbmc,2025-11-08,site_stratified_seed42,1fab2da901f2cc2838d3715a21e1b62a9fd9a33d1188f9f28b174c576163635e,42,none,logistic_regression,class_f1,0.8273878020713463,test,,,mucosal invariant T cell,875.0,success,,751e9858f48c4950ebbb5daae2207956d5adf1101e667d013994b50d256283a3,02db0690cc8f6748ddb925fd67f2e01940b5ffc5724d7caeb476b83c607c1f08,,cb3b67fd2e9382471882e395b5ef282694a83ad9e058108bcce1c694610b0d9e,6f4e4cd0bd0c1882b932ad5401c3fc684544ed860f47eb528be39710db653095,5.394247000003816,2026-08-16T11:22:12.679952+00:00,,
logistic_regression_site_stratified_seed42,stephenson_2021_healthy_pbmc,2025-11-08,site_stratified_seed42,1fab2da901f2cc2838d3715a21e1b62a9fd9a33d1188f9f28b174c576163635e,42,none,logistic_regression,class_f1,0.9992673992673993,test,,,naive B cell,682.0,success,,751e9858f48c4950ebbb5daae2207956d5adf1101e667d013994b50d256283a3,02db0690cc8f6748ddb925fd67f2e01940b5ffc5724d7caeb476b83c607c1f08,,cb3b67fd2e9382471882e395b5ef282694a83ad9e058108bcce1c694610b0d9e,6f4e4cd0bd0c1882b932ad5401c3fc684544ed860f47eb528be39710db653095,5.394247000003816,2026-08-16T11:22:12.679955+00:00,,
logistic_regression_site_stratified_seed42,stephenson_2021_healthy_pbmc,2025-11-08,site_stratified_seed42,1fab2da901f2cc2838d3715a21e1b62a9fd9a33d1188f9f28b174c576163635e,42,none,logistic_regression,class_f1,0.8795548375516066,test,,,"naive thymus-derived CD4-positive, alpha-beta T cell",2744.0,success,,751e9858f48c4950ebbb5daae2207956d5adf1101e667d013994b50d256283a3,02db0690cc8f6748ddb925fd67f2e01940b5ffc5724d7caeb476b83c607c1f08,,cb3b67fd2e9382471882e395b5ef282694a83ad9e058108bcce1c694610b0d9e,6f4e4cd0bd0c1882b932ad5401c3fc684544ed860f47eb528be39710db653095,5.394247000003816,2026-08-16T11:22:12.679959+00:00,,
logistic_regression_site_stratified_seed42,stephenson_2021_healthy_pbmc,2025-11-08,site_stratified_seed42,1fab2da901f2cc2838d3715a21e1b62a9fd9a33d1188f9f28b174c576163635e,42,none,logistic_regression,class_f1,0.8999181892555222,test,,,"naive thymus-derived CD8-positive, alpha-beta T cell",1802.0,success,,751e9858f48c4950ebbb5daae2207956d5adf1101e667d013994b50d256283a3,02db0690cc8f6748ddb925fd67f2e01940b5ffc5724d7caeb476b83c607c1f08,,cb3b67fd2e9382471882e395b5ef282694a83ad9e058108bcce1c694610b0d9e,6f4e4cd0bd0c1882b932ad5401c3fc684544ed860f47eb528be39710db653095,5.394247000003816,2026-08-16T11:22:12.679963+00:00,,
logistic_regression_site_stratified_seed42,stephenson_2021_healthy_pbmc,2025-11-08,site_stratified_seed42,1fab2da901f2cc2838d3715a21e1b62a9fd9a33d1188f9f28b174c576163635e,42,none,logistic_regression,class_f1,0.8953736654804271,test,,,platelet,638.0,success,,751e9858f48c4950ebbb5daae2207956d5adf1101e667d013994b50d256283a3,02db0690cc8f6748ddb925fd67f2e01940b5ffc5724d7caeb476b83c607c1f08,,cb3b67fd2e9382471882e395b5ef282694a83ad9e058108bcce1c694610b0d9e,6f4e4cd0bd0c1882b932ad5401c3fc684544ed860f47eb528be39710db653095,5.394247000003816,2026-08-16T11:22:12.679967+00:00,,
mlp_site_stratified_seed42_seed42,stephenson_2021_healthy_pbmc,2025-11-08,site_stratified_seed42,1fab2da901f2cc2838d3715a21e1b62a9fd9a33d1188f9f28b174c576163635e,42,none,mlp,macro_f1,0.9517406965651735,train,,,,,success,,751e9858f48c4950ebbb5daae2207956d5adf1101e667d013994b50d256283a3,02db0690cc8f6748ddb925fd67f2e01940b5ffc5724d7caeb476b83c607c1f08,,cb3b67fd2e9382471882e395b5ef282694a83ad9e058108bcce1c694610b0d9e,147e644a867f248270ce34c6fc8467a201c4547dd2a1c843504876d5964deba6,17.060922375007067,2026-08-16T11:22:12.680353+00:00,,
mlp_site_stratified_seed42_seed42,stephenson_2021_healthy_pbmc,2025-11-08,site_stratified_seed42,1fab2da901f2cc2838d3715a21e1b62a9fd9a33d1188f9f28b174c576163635e,42,none,mlp,weighted_f1,0.9549082528239405,train,,,,,success,,751e9858f48c4950ebbb5daae2207956d5adf1101e667d013994b50d256283a3,02db0690cc8f6748ddb925fd67f2e01940b5ffc5724d7caeb476b83c607c1f08,,cb3b67fd2e9382471882e395b5ef282694a83ad9e058108bcce1c694610b0d9e,147e644a867f248270ce34c6fc8467a201c4547dd2a1c843504876d5964deba6,17.060922375007067,2026-08-16T11:22:12.680358+00:00,,
mlp_site_stratified_seed42_seed42,stephenson_2021_healthy_pbmc,2025-11-08,site_stratified_seed42,1fab2da901f2cc2838d3715a21e1b62a9fd9a33d1188f9f28b174c576163635e,42,none,mlp,balanced_accuracy,0.9530896978400474,train,,,,,success,,751e9858f48c4950ebbb5daae2207956d5adf1101e667d013994b50d256283a3,02db0690cc8f6748ddb925fd67f2e01940b5ffc5724d7caeb476b83c607c1f08,,cb3b67fd2e9382471882e395b5ef282694a83ad9e058108bcce1c694610b0d9e,147e644a867f248270ce34c6fc8467a201c4547dd2a1c843504876d5964deba6,17.060922375007067,2026-08-16T11:22:12.680362+00:00,,
mlp_site_stratified_seed42_seed42,stephenson_2021_healthy_pbmc,2025-11-08,site_stratified_seed42,1fab2da901f2cc2838d3715a21e1b62a9fd9a33d1188f9f28b174c576163635e,42,none,mlp,overall_accuracy,0.9550294634549777,train,,,,,success,,751e9858f48c4950ebbb5daae2207956d5adf1101e667d013994b50d256283a3,02db0690cc8f6748ddb925fd67f2e01940b5ffc5724d7caeb476b83c607c1f08,,cb3b67fd2e9382471882e395b5ef282694a83ad9e058108bcce1c694610b0d9e,147e644a867f248270ce34c6fc8467a201c4547dd2a1c843504876d5964deba6,17.060922375007067,2026-08-16T11:22:12.680365+00:00,,
mlp_site_stratified_seed42_seed42,stephenson_2021_healthy_pbmc,2025-11-08,site_stratified_seed42,1fab2da901f2cc2838d3715a21e1b62a9fd9a33d1188f9f28b174c576163635e,42,none,mlp,macro_precision,0.9505650469015129,train,,,,,success,,751e9858f48c4950ebbb5daae2207956d5adf1101e667d013994b50d256283a3,02db0690cc8f6748ddb925fd67f2e01940b5ffc5724d7caeb476b83c607c1f08,,cb3b67fd2e9382471882e395b5ef282694a83ad9e058108bcce1c694610b0d9e,147e644a867f248270ce34c6fc8467a201c4547dd2a1c843504876d5964deba6,17.060922375007067,2026-08-16T11:22:12.680368+00:00,,
mlp_site_stratified_seed42_seed42,stephenson_2021_healthy_pbmc,2025-11-08,site_stratified_seed42,1fab2da901f2cc2838d3715a21e1b62a9fd9a33d1188f9f28b174c576163635e,42,none,mlp,macro_recall,0.9530896978400474,train,,,,,success,,751e9858f48c4950ebbb5daae2207956d5adf1101e667d013994b50d256283a3,02db0690cc8f6748ddb925fd67f2e01940b5ffc5724d7caeb476b83c607c1f08,,cb3b67fd2e9382471882e395b5ef282694a83ad9e058108bcce1c694610b0d9e,147e644a867f248270ce34c6fc8467a201c4547dd2a1c843504876d5964deba6,17.060922375007067,2026-08-16T11:22:12.680372+00:00,,
mlp_site_stratified_seed42_seed42,stephenson_2021_healthy_pbmc,2025-11-08,site_stratified_seed42,1fab2da901f2cc2838d3715a21e1b62a9fd9a33d1188f9f28b174c576163635e,42,none,mlp,site_observed_macro_f1,0.9438239924638713,train,,Cambridge,,26251.0,success,,751e9858f48c4950ebbb5daae2207956d5adf1101e667d013994b50d256283a3,02db0690cc8f6748ddb925fd67f2e01940b5ffc5724d7caeb476b83c607c1f08,,cb3b67fd2e9382471882e395b5ef282694a83ad9e058108bcce1c694610b0d9e,147e644a867f248270ce34c6fc8467a201c4547dd2a1c843504876d5964deba6,17.060922375007067,2026-08-16T11:22:12.680376+00:00,,
mlp_site_stratified_seed42_seed42,stephenson_2021_healthy_pbmc,2025-11-08,site_stratified_seed42,1fab2da901f2cc2838d3715a21e1b62a9fd9a33d1188f9f28b174c576163635e,42,none,mlp,site_global_macro_f1,0.9438239924638713,train,,Cambridge,,26251.0,success,,751e9858f48c4950ebbb5daae2207956d5adf1101e667d013994b50d256283a3,02db0690cc8f6748ddb925fd67f2e01940b5ffc5724d7caeb476b83c607c1f08,,cb3b67fd2e9382471882e395b5ef282694a83ad9e058108bcce1c694610b0d9e,147e644a867f248270ce34c6fc8467a201c4547dd2a1c843504876d5964deba6,17.060922375007067,2026-08-16T11:22:12.680379+00:00,,
mlp_site_stratified_seed42_seed42,stephenson_2021_healthy_pbmc,2025-11-08,site_stratified_seed42,1fab2da901f2cc2838d3715a21e1b62a9fd9a33d1188f9f28b174c576163635e,42,none,mlp,site_balanced_accuracy,0.9381727060242838,train,,Cambridge,,26251.0,success,,751e9858f48c4950ebbb5daae2207956d5adf1101e667d013994b50d256283a3,02db0690cc8f6748ddb925fd67f2e01940b5ffc5724d7caeb476b83c607c1f08,,cb3b67fd2e9382471882e395b5ef282694a83ad9e058108bcce1c694610b0d9e,147e644a867f248270ce34c6fc8467a201c4547dd2a1c843504876d5964deba6,17.060922375007067,2026-08-16T11:22:12.680385+00:00,,
mlp_site_stratified_seed42_seed42,stephenson_2021_healthy_pbmc,2025-11-08,site_stratified_seed42,1fab2da901f2cc2838d3715a21e1b62a9fd9a33d1188f9f28b174c576163635e,42,none,mlp,site_overall_accuracy,0.9643823092453621,train,,Cambridge,,26251.0,success,,751e9858f48c4950ebbb5daae2207956d5adf1101e667d013994b50d256283a3,02db0690cc8f6748ddb925fd67f2e01940b5ffc5724d7caeb476b83c607c1f08,,cb3b67fd2e9382471882e395b5ef282694a83ad9e058108bcce1c694610b0d9e,147e644a867f248270ce34c6fc8467a201c4547dd2a1c843504876d5964deba6,17.060922375007067,2026-08-16T11:22:12.680389+00:00,,
mlp_site_stratified_seed42_seed42,stephenson_2021_healthy_pbmc,2025-11-08,site_stratified_seed42,1fab2da901f2cc2838d3715a21e1b62a9fd9a33d1188f9f28b174c576163635e,42,none,mlp,site_observed_macro_f1,0.9385983781064403,train,,Newcastle,,12441.0,success,,751e9858f48c4950ebbb5daae2207956d5adf1101e667d013994b50d256283a3,02db0690cc8f6748ddb925fd67f2e01940b5ffc5724d7caeb476b83c607c1f08,,cb3b67fd2e9382471882e395b5ef282694a83ad9e058108bcce1c694610b0d9e,147e644a867f248270ce34c6fc8467a201c4547dd2a1c843504876d5964deba6,17.060922375007067,2026-08-16T11:22:12.680393+00:00,,
mlp_site_stratified_seed42_seed42,stephenson_2021_healthy_pbmc,2025-11-08,site_stratified_seed42,1fab2da901f2cc2838d3715a21e1b62a9fd9a33d1188f9f28b174c576163635e,42,none,mlp,site_global_macro_f1,0.9385983781064403,train,,Newcastle,,12441.0,success,,751e9858f48c4950ebbb5daae2207956d5adf1101e667d013994b50d256283a3,02db0690cc8f6748ddb925fd67f2e01940b5ffc5724d7caeb476b83c607c1f08,,cb3b67fd2e9382471882e395b5ef282694a83ad9e058108bcce1c694610b0d9e,147e644a867f248270ce34c6fc8467a201c4547dd2a1c843504876d5964deba6,17.060922375007067,2026-08-16T11:22:12.680396+00:00,,
mlp_site_stratified_seed42_seed42,stephenson_2021_healthy_pbmc,2025-11-08,site_stratified_seed42,1fab2da901f2cc2838d3715a21e1b62a9fd9a33d1188f9f28b174c576163635e,42,none,mlp,site_balanced_accuracy,0.9417031592631561,train,,Newcastle,,12441.0,success,,751e9858f48c4950ebbb5daae2207956d5adf1101e667d013994b50d256283a3,02db0690cc8f6748ddb925fd67f2e01940b5ffc5724d7caeb476b83c607c1f08,,cb3b67fd2e9382471882e395b5ef282694a83ad9e058108bcce1c694610b0d9e,147e644a867f248270ce34c6fc8467a201c4547dd2a1c843504876d5964deba6,17.060922375007067,2026-08-16T11:22:12.680400+00:00,,
mlp_site_stratified_seed42_seed42,stephenson_2021_healthy_pbmc,2025-11-08,site_stratified_seed42,1fab2da901f2cc2838d3715a21e1b62a9fd9a33d1188f9f28b174c576163635e,42,none,mlp,site_overall_accuracy,0.9352945904670042,train,,Newcastle,,12441.0,success,,751e9858f48c4950ebbb5daae2207956d5adf1101e667d013994b50d256283a3,02db0690cc8f6748ddb925fd67f2e01940b5ffc5724d7caeb476b83c607c1f08,,cb3b67fd2e9382471882e395b5ef282694a83ad9e058108bcce1c694610b0d9e,147e644a867f248270ce34c6fc8467a201c4547dd2a1c843504876d5964deba6,17.060922375007067,2026-08-16T11:22:12.680403+00:00,,
mlp_site_stratified_seed42_seed42,stephenson_2021_healthy_pbmc,2025-11-08,site_stratified_seed42,1fab2da901f2cc2838d3715a21e1b62a9fd9a33d1188f9f28b174c576163635e,42,none,mlp,donor_observed_macro_f1,0.9865615531365727,train,C-8914,Cambridge,,914.0,success,,751e9858f48c4950ebbb5daae2207956d5adf1101e667d013994b50d256283a3,02db0690cc8f6748ddb925fd67f2e01940b5ffc5724d7caeb476b83c607c1f08,,cb3b67fd2e9382471882e395b5ef282694a83ad9e058108bcce1c694610b0d9e,147e644a867f248270ce34c6fc8467a201c4547dd2a1c843504876d5964deba6,17.060922375007067,2026-08-16T11:22:12.680407+00:00,,
mlp_site_stratified_seed42_seed42,stephenson_2021_healthy_pbmc,2025-11-08,site_stratified_seed42,1fab2da901f2cc2838d3715a21e1b62a9fd9a33d1188f9f28b174c576163635e,42,none,mlp,donor_global_macro_f1,0.41106731380690525,train,C-8914,Cambridge,,914.0,success,,751e9858f48c4950ebbb5daae2207956d5adf1101e667d013994b50d256283a3,02db0690cc8f6748ddb925fd67f2e01940b5ffc5724d7caeb476b83c607c1f08,,cb3b67fd2e9382471882e395b5ef282694a83ad9e058108bcce1c694610b0d9e,147e644a867f248270ce34c6fc8467a201c4547dd2a1c843504876d5964deba6,17.060922375007067,2026-08-16T11:22:12.680411+00:00,,
mlp_site_stratified_seed42_seed42,stephenson_2021_healthy_pbmc,2025-11-08,site_stratified_seed42,1fab2da901f2cc2838d3715a21e1b62a9fd9a33d1188f9f28b174c576163635e,42,none,mlp,donor_balanced_accuracy,0.9872972972972972,train,C-8914,Cambridge,,914.0,success,,751e9858f48c4950ebbb5daae2207956d5adf1101e667d013994b50d256283a3,02db0690cc8f6748ddb925fd67f2e01940b5ffc5724d7caeb476b83c607c1f08,,cb3b67fd2e9382471882e395b5ef282694a83ad9e058108bcce1c694610b0d9e,147e644a867f248270ce34c6fc8467a201c4547dd2a1c843504876d5964deba6,17.060922375007067,2026-08-16T11:22:12.680415+00:00,,
mlp_site_stratified_seed42_seed42,stephenson_2021_healthy_pbmc,2025-11-08,site_stratified_seed42,1fab2da901f2cc2838d3715a21e1b62a9fd9a33d1188f9f28b174c576163635e,42,none,mlp,donor_observed_macro_f1,0.9077483985949671,train,C-8930,Cambridge,,3563.0,success,,751e9858f48c4950ebbb5daae2207956d5adf1101e667d013994b50d256283a3,02db0690cc8f6748ddb925fd67f2e01940b5ffc5724d7caeb476b83c607c1f08,,cb3b67fd2e9382471882e395b5ef282694a83ad9e058108bcce1c694610b0d9e,147e644a867f248270ce34c6fc8467a201c4547dd2a1c843504876d5964deba6,17.060922375007067,2026-08-16T11:22:12.680419+00:00,,
mlp_site_stratified_seed42_seed42,stephenson_2021_healthy_pbmc,2025-11-08,site_stratified_seed42,1fab2da901f2cc2838d3715a21e1b62a9fd9a33d1188f9f28b174c576163635e,42,none,mlp,donor_global_macro_f1,0.9077483985949671,train,C-8930,Cambridge,,3563.0,success,,751e9858f48c4950ebbb5daae2207956d5adf1101e667d013994b50d256283a3,02db0690cc8f6748ddb925fd67f2e01940b5ffc5724d7caeb476b83c607c1f08,,cb3b67fd2e9382471882e395b5ef282694a83ad9e058108bcce1c694610b0d9e,147e644a867f248270ce34c6fc8467a201c4547dd2a1c843504876d5964deba6,17.060922375007067,2026-08-16T11:22:12.680422+00:00,,
mlp_site_stratified_seed42_seed42,stephenson_2021_healthy_pbmc,2025-11-08,site_stratified_seed42,1fab2da901f2cc2838d3715a21e1b62a9fd9a33d1188f9f28b174c576163635e,42,none,mlp,donor_balanced_accuracy,0.8931818407972915,train,C-8930,Cambridge,,3563.0,success,,751e9858f48c4950ebbb5daae2207956d5adf1101e667d013994b50d256283a3,02db0690cc8f6748ddb925fd67f2e01940b5ffc5724d7caeb476b83c607c1f08,,cb3b67fd2e9382471882e395b5ef282694a83ad9e058108bcce1c694610b0d9e,147e644a867f248270ce34c6fc8467a201c4547dd2a1c843504876d5964deba6,17.060922375007067,2026-08-16T11:22:12.680427+00:00,,
mlp_site_stratified_seed42_seed42,stephenson_2021_healthy_pbmc,2025-11-08,site_stratified_seed42,1fab2da901f2cc2838d3715a21e1b62a9fd9a33d1188f9f28b174c576163635e,42,none,mlp,donor_observed_macro_f1,0.9341400526929169,train,C-8937,Cambridge,,4306.0,success,,751e9858f48c4950ebbb5daae2207956d5adf1101e667d013994b50d256283a3,02db0690cc8f6748ddb925fd67f2e01940b5ffc5724d7caeb476b83c607c1f08,,cb3b67fd2e9382471882e395b5ef282694a83ad9e058108bcce1c694610b0d9e,147e644a867f248270ce34c6fc8467a201c4547dd2a1c843504876d5964deba6,17.060922375007067,2026-08-16T11:22:12.680431+00:00,,
mlp_site_stratified_seed42_seed42,stephenson_2021_healthy_pbmc,2025-11-08,site_stratified_seed42,1fab2da901f2cc2838d3715a21e1b62a9fd9a33d1188f9f28b174c576163635e,42,none,mlp,donor_global_macro_f1,0.9341400526929169,train,C-8937,Cambridge,,4306.0,success,,751e9858f48c4950ebbb5daae2207956d5adf1101e667d013994b50d256283a3,02db0690cc8f6748ddb925fd67f2e01940b5ffc5724d7caeb476b83c607c1f08,,cb3b67fd2e9382471882e395b5ef282694a83ad9e058108bcce1c694610b0d9e,147e644a867f248270ce34c6fc8467a201c4547dd2a1c843504876d5964deba6,17.060922375007067,2026-08-16T11:22:12.680434+00:00,,
mlp_site_stratified_seed42_seed42,stephenson_2021_healthy_pbmc,2025-11-08,site_stratified_seed42,1fab2da901f2cc2838d3715a21e1b62a9fd9a33d1188f9f28b174c576163635e,42,none,mlp,donor_balanced_accuracy,0.9261652478663319,train,C-8937,Cambridge,,4306.0,success,,751e9858f48c4950ebbb5daae2207956d5adf1101e667d013994b50d256283a3,02db0690cc8f6748ddb925fd67f2e01940b5ffc5724d7caeb476b83c607c1f08,,cb3b67fd2e9382471882e395b5ef282694a83ad9e058108bcce1c694610b0d9e,147e644a867f248270ce34c6fc8467a201c4547dd2a1c843504876d5964deba6,17.060922375007067,2026-08-16T11:22:12.680437+00:00,,
mlp_site_stratified_seed42_seed42,stephenson_2021_healthy_pbmc,2025-11-08,site_stratified_seed42,1fab2da901f2cc2838d3715a21e1b62a9fd9a33d1188f9f28b174c576163635e,42,none,mlp,donor_observed_macro_f1,0.929967311524111,train,C-8941,Cambridge,,1892.0,success,,751e9858f48c4950ebbb5daae2207956d5adf1101e667d013994b50d256283a3,02db0690cc8f6748ddb925fd67f2e01940b5ffc5724d7caeb476b83c607c1f08,,cb3b67fd2e9382471882e395b5ef282694a83ad9e058108bcce1c694610b0d9e,147e644a867f248270ce34c6fc8467a201c4547dd2a1c843504876d5964deba6,17.060922375007067,2026-08-16T11:22:12.680441+00:00,,
mlp_site_stratified_seed42_seed42,stephenson_2021_healthy_pbmc,2025-11-08,site_stratified_seed42,1fab2da901f2cc2838d3715a21e1b62a9fd9a33d1188f9f28b174c576163635e,42,none,mlp,donor_global_macro_f1,0.929967311524111,train,C-8941,Cambridge,,1892.0,success,,751e9858f48c4950ebbb5daae2207956d5adf1101e667d013994b50d256283a3,02db0690cc8f6748ddb925fd67f2e01940b5ffc5724d7caeb476b83c607c1f08,,cb3b67fd2e9382471882e395b5ef282694a83ad9e058108bcce1c694610b0d9e,147e644a867f248270ce34c6fc8467a201c4547dd2a1c843504876d5964deba6,17.060922375007067,2026-08-16T11:22:12.680445+00:00,,
mlp_site_stratified_seed42_seed42,stephenson_2021_healthy_pbmc,2025-11-08,site_stratified_seed42,1fab2da901f2cc2838d3715a21e1b62a9fd9a33d1188f9f28b174c576163635e,42,none,mlp,donor_balanced_accuracy,0.9185106666974961,train,C-8941,Cambridge,,1892.0,success,,751e9858f48c4950ebbb5daae2207956d5adf1101e667d013994b50d256283a3,02db0690cc8f6748ddb925fd67f2e01940b5ffc5724d7caeb476b83c607c1f08,,cb3b67fd2e9382471882e395b5ef282694a83ad9e058108bcce1c694610b0d9e,147e644a867f248270ce34c6fc8467a201c4547dd2a1c843504876d5964deba6,17.060922375007067,2026-08-16T11:22:12.680449+00:00,,
mlp_site_stratified_seed42_seed42,stephenson_2021_healthy_pbmc,2025-11-08,site_stratified_seed42,1fab2da901f2cc2838d3715a21e1b62a9fd9a33d1188f9f28b174c576163635e,42,none,mlp,donor_observed_macro_f1,0.9194696231791779,train,C-8942,Cambridge,,5906.0,success,,751e9858f48c4950ebbb5daae2207956d5adf1101e667d013994b50d256283a3,02db0690cc8f6748ddb925fd67f2e01940b5ffc5724d7caeb476b83c607c1f08,,cb3b67fd2e9382471882e395b5ef282694a83ad9e058108bcce1c694610b0d9e,147e644a867f248270ce34c6fc8467a201c4547dd2a1c843504876d5964deba6,17.060922375007067,2026-08-16T11:22:12.680453+00:00,,
mlp_site_stratified_seed42_seed42,stephenson_2021_healthy_pbmc,2025-11-08,site_stratified_seed42,1fab2da901f2cc2838d3715a21e1b62a9fd9a33d1188f9f28b174c576163635e,42,none,mlp,donor_global_macro_f1,0.9194696231791779,train,C-8942,Cambridge,,5906.0,success,,751e9858f48c4950ebbb5daae2207956d5adf1101e667d013994b50d256283a3,02db0690cc8f6748ddb925fd67f2e01940b5ffc5724d7caeb476b83c607c1f08,,cb3b67fd2e9382471882e395b5ef282694a83ad9e058108bcce1c694610b0d9e,147e644a867f248270ce34c6fc8467a201c4547dd2a1c843504876d5964deba6,17.060922375007067,2026-08-16T11:22:12.680456+00:00,,
mlp_site_stratified_seed42_seed42,stephenson_2021_healthy_pbmc,2025-11-08,site_stratified_seed42,1fab2da901f2cc2838d3715a21e1b62a9fd9a33d1188f9f28b174c576163635e,42,none,mlp,donor_balanced_accuracy,0.9129374814741437,train,C-8942,Cambridge,,5906.0,success,,751e9858f48c4950ebbb5daae2207956d5adf1101e667d013994b50d256283a3,02db0690cc8f6748ddb925fd67f2e01940b5ffc5724d7caeb476b83c607c1f08,,cb3b67fd2e9382471882e395b5ef282694a83ad9e058108bcce1c694610b0d9e,147e644a867f248270ce34c6fc8467a201c4547dd2a1c843504876d5964deba6,17.060922375007067,2026-08-16T11:22:12.680459+00:00,,
mlp_site_stratified_seed42_seed42,stephenson_2021_healthy_pbmc,2025-11-08,site_stratified_seed42,1fab2da901f2cc2838d3715a21e1b62a9fd9a33d1188f9f28b174c576163635e,42,none,mlp,donor_observed_macro_f1,0.9500441208595514,train,C-8946,Cambridge,,9670.0,success,,751e9858f48c4950ebbb5daae2207956d5adf1101e667d013994b50d256283a3,02db0690cc8f6748ddb925fd67f2e01940b5ffc5724d7caeb476b83c607c1f08,,cb3b67fd2e9382471882e395b5ef282694a83ad9e058108bcce1c694610b0d9e,147e644a867f248270ce34c6fc8467a201c4547dd2a1c843504876d5964deba6,17.060922375007067,2026-08-16T11:22:12.680463+00:00,,
mlp_site_stratified_seed42_seed42,stephenson_2021_healthy_pbmc,2025-11-08,site_stratified_seed42,1fab2da901f2cc2838d3715a21e1b62a9fd9a33d1188f9f28b174c576163635e,42,none,mlp,donor_global_macro_f1,0.9500441208595514,train,C-8946,Cambridge,,9670.0,success,,751e9858f48c4950ebbb5daae2207956d5adf1101e667d013994b50d256283a3,02db0690cc8f6748ddb925fd67f2e01940b5ffc5724d7caeb476b83c607c1f08,,cb3b67fd2e9382471882e395b5ef282694a83ad9e058108bcce1c694610b0d9e,147e644a867f248270ce34c6fc8467a201c4547dd2a1c843504876d5964deba6,17.060922375007067,2026-08-16T11:22:12.680467+00:00,,
mlp_site_stratified_seed42_seed42,stephenson_2021_healthy_pbmc,2025-11-08,site_stratified_seed42,1fab2da901f2cc2838d3715a21e1b62a9fd9a33d1188f9f28b174c576163635e,42,none,mlp,donor_balanced_accuracy,0.9406095309039663,train,C-8946,Cambridge,,9670.0,success,,751e9858f48c4950ebbb5daae2207956d5adf1101e667d013994b50d256283a3,02db0690cc8f6748ddb925fd67f2e01940b5ffc5724d7caeb476b83c607c1f08,,cb3b67fd2e9382471882e395b5ef282694a83ad9e058108bcce1c694610b0d9e,147e644a867f248270ce34c6fc8467a201c4547dd2a1c843504876d5964deba6,17.060922375007067,2026-08-16T11:22:12.680471+00:00,,
mlp_site_stratified_seed42_seed42,stephenson_2021_healthy_pbmc,2025-11-08,site_stratified_seed42,1fab2da901f2cc2838d3715a21e1b62a9fd9a33d1188f9f28b174c576163635e,42,none,mlp,donor_observed_macro_f1,0.9353845066932515,train,CV0902,Newcastle,,3350.0,success,,751e9858f48c4950ebbb5daae2207956d5adf1101e667d013994b50d256283a3,02db0690cc8f6748ddb925fd67f2e01940b5ffc5724d7caeb476b83c607c1f08,,cb3b67fd2e9382471882e395b5ef282694a83ad9e058108bcce1c694610b0d9e,147e644a867f248270ce34c6fc8467a201c4547dd2a1c843504876d5964deba6,17.060922375007067,2026-08-16T11:22:12.680476+00:00,,
mlp_site_stratified_seed42_seed42,stephenson_2021_healthy_pbmc,2025-11-08,site_stratified_seed42,1fab2da901f2cc2838d3715a21e1b62a9fd9a33d1188f9f28b174c576163635e,42,none,mlp,donor_global_macro_f1,0.9353845066932515,train,CV0902,Newcastle,,3350.0,success,,751e9858f48c4950ebbb5daae2207956d5adf1101e667d013994b50d256283a3,02db0690cc8f6748ddb925fd67f2e01940b5ffc5724d7caeb476b83c607c1f08,,cb3b67fd2e9382471882e395b5ef282694a83ad9e058108bcce1c694610b0d9e,147e644a867f248270ce34c6fc8467a201c4547dd2a1c843504876d5964deba6,17.060922375007067,2026-08-16T11:22:12.680480+00:00,,
mlp_site_stratified_seed42_seed42,stephenson_2021_healthy_pbmc,2025-11-08,site_stratified_seed42,1fab2da901f2cc2838d3715a21e1b62a9fd9a33d1188f9f28b174c576163635e,42,none,mlp,donor_balanced_accuracy,0.934931671005685,train,CV0902,Newcastle,,3350.0,success,,751e9858f48c4950ebbb5daae2207956d5adf1101e667d013994b50d256283a3,02db0690cc8f6748ddb925fd67f2e01940b5ffc5724d7caeb476b83c607c1f08,,cb3b67fd2e9382471882e395b5ef282694a83ad9e058108bcce1c694610b0d9e,147e644a867f248270ce34c6fc8467a201c4547dd2a1c843504876d5964deba6,17.060922375007067,2026-08-16T11:22:12.680484+00:00,,
mlp_site_stratified_seed42_seed42,stephenson_2021_healthy_pbmc,2025-11-08,site_stratified_seed42,1fab2da901f2cc2838d3715a21e1b62a9fd9a33d1188f9f28b174c576163635e,42,none,mlp,donor_observed_macro_f1,0.9008581878830505,train,CV0917,Newcastle,,2113.0,success,,751e9858f48c4950ebbb5daae2207956d5adf1101e667d013994b50d256283a3,02db0690cc8f6748ddb925fd67f2e01940b5ffc5724d7caeb476b83c607c1f08,,cb3b67fd2e9382471882e395b5ef282694a83ad9e058108bcce1c694610b0d9e,147e644a867f248270ce34c6fc8467a201c4547dd2a1c843504876d5964deba6,17.060922375007067,2026-08-16T11:22:12.680488+00:00,,
mlp_site_stratified_seed42_seed42,stephenson_2021_healthy_pbmc,2025-11-08,site_stratified_seed42,1fab2da901f2cc2838d3715a21e1b62a9fd9a33d1188f9f28b174c576163635e,42,none,mlp,donor_global_macro_f1,0.9008581878830505,train,CV0917,Newcastle,,2113.0,success,,751e9858f48c4950ebbb5daae2207956d5adf1101e667d013994b50d256283a3,02db0690cc8f6748ddb925fd67f2e01940b5ffc5724d7caeb476b83c607c1f08,,cb3b67fd2e9382471882e395b5ef282694a83ad9e058108bcce1c694610b0d9e,147e644a867f248270ce34c6fc8467a201c4547dd2a1c843504876d5964deba6,17.060922375007067,2026-08-16T11:22:12.680491+00:00,,
mlp_site_stratified_seed42_seed42,stephenson_2021_healthy_pbmc,2025-11-08,site_stratified_seed42,1fab2da901f2cc2838d3715a21e1b62a9fd9a33d1188f9f28b174c576163635e,42,none,mlp,donor_balanced_accuracy,0.911234699302041,train,CV0917,Newcastle,,2113.0,success,,751e9858f48c4950ebbb5daae2207956d5adf1101e667d013994b50d256283a3,02db0690cc8f6748ddb925fd67f2e01940b5ffc5724d7caeb476b83c607c1f08,,cb3b67fd2e9382471882e395b5ef282694a83ad9e058108bcce1c694610b0d9e,147e644a867f248270ce34c6fc8467a201c4547dd2a1c843504876d5964deba6,17.060922375007067,2026-08-16T11:22:12.680494+00:00,,
mlp_site_stratified_seed42_seed42,stephenson_2021_healthy_pbmc,2025-11-08,site_stratified_seed42,1fab2da901f2cc2838d3715a21e1b62a9fd9a33d1188f9f28b174c576163635e,42,none,mlp,donor_observed_macro_f1,0.924983413987611,train,CV0926,Newcastle,,2012.0,success,,751e9858f48c4950ebbb5daae2207956d5adf1101e667d013994b50d256283a3,02db0690cc8f6748ddb925fd67f2e01940b5ffc5724d7caeb476b83c607c1f08,,cb3b67fd2e9382471882e395b5ef282694a83ad9e058108bcce1c694610b0d9e,147e644a867f248270ce34c6fc8467a201c4547dd2a1c843504876d5964deba6,17.060922375007067,2026-08-16T11:22:12.680498+00:00,,
mlp_site_stratified_seed42_seed42,stephenson_2021_healthy_pbmc,2025-11-08,site_stratified_seed42,1fab2da901f2cc2838d3715a21e1b62a9fd9a33d1188f9f28b174c576163635e,42,none,mlp,donor_global_macro_f1,0.924983413987611,train,CV0926,Newcastle,,2012.0,success,,751e9858f48c4950ebbb5daae2207956d5adf1101e667d013994b50d256283a3,02db0690cc8f6748ddb925fd67f2e01940b5ffc5724d7caeb476b83c607c1f08,,cb3b67fd2e9382471882e395b5ef282694a83ad9e058108bcce1c694610b0d9e,147e644a867f248270ce34c6fc8467a201c4547dd2a1c843504876d5964deba6,17.060922375007067,2026-08-16T11:22:12.680506+00:00,,
mlp_site_stratified_seed42_seed42,stephenson_2021_healthy_pbmc,2025-11-08,site_stratified_seed42,1fab2da901f2cc2838d3715a21e1b62a9fd9a33d1188f9f28b174c576163635e,42,none,mlp,donor_balanced_accuracy,0.9219951182897009,train,CV0926,Newcastle,,2012.0,success,,751e9858f48c4950ebbb5daae2207956d5adf1101e667d013994b50d256283a3,02db0690cc8f6748ddb925fd67f2e01940b5ffc5724d7caeb476b83c607c1f08,,cb3b67fd2e9382471882e395b5ef282694a83ad9e058108bcce1c694610b0d9e,147e644a867f248270ce34c6fc8467a201c4547dd2a1c843504876d5964deba6,17.060922375007067,2026-08-16T11:22:12.680511+00:00,,
mlp_site_stratified_seed42_seed42,stephenson_2021_healthy_pbmc,2025-11-08,site_stratified_seed42,1fab2da901f2cc2838d3715a21e1b62a9fd9a33d1188f9f28b174c576163635e,42,none,mlp,donor_observed_macro_f1,0.9393170352250796,train,CV0934,Newcastle,,2921.0,success,,751e9858f48c4950ebbb5daae2207956d5adf1101e667d013994b50d256283a3,02db0690cc8f6748ddb925fd67f2e01940b5ffc5724d7caeb476b83c607c1f08,,cb3b67fd2e9382471882e395b5ef282694a83ad9e058108bcce1c694610b0d9e,147e644a867f248270ce34c6fc8467a201c4547dd2a1c843504876d5964deba6,17.060922375007067,2026-08-16T11:22:12.680514+00:00,,
mlp_site_stratified_seed42_seed42,stephenson_2021_healthy_pbmc,2025-11-08,site_stratified_seed42,1fab2da901f2cc2838d3715a21e1b62a9fd9a33d1188f9f28b174c576163635e,42,none,mlp,donor_global_macro_f1,0.9393170352250796,train,CV0934,Newcastle,,2921.0,success,,751e9858f48c4950ebbb5daae2207956d5adf1101e667d013994b50d256283a3,02db0690cc8f6748ddb925fd67f2e01940b5ffc5724d7caeb476b83c607c1f08,,cb3b67fd2e9382471882e395b5ef282694a83ad9e058108bcce1c694610b0d9e,147e644a867f248270ce34c6fc8467a201c4547dd2a1c843504876d5964deba6,17.060922375007067,2026-08-16T11:22:12.680518+00:00,,
mlp_site_stratified_seed42_seed42,stephenson_2021_healthy_pbmc,2025-11-08,site_stratified_seed42,1fab2da901f2cc2838d3715a21e1b62a9fd9a33d1188f9f28b174c576163635e,42,none,mlp,donor_balanced_accuracy,0.94007685057408,train,CV0934,Newcastle,,2921.0,success,,751e9858f48c4950ebbb5daae2207956d5adf1101e667d013994b50d256283a3,02db0690cc8f6748ddb925fd67f2e01940b5ffc5724d7caeb476b83c607c1f08,,cb3b67fd2e9382471882e395b5ef282694a83ad9e058108bcce1c694610b0d9e,147e644a867f248270ce34c6fc8467a201c4547dd2a1c843504876d5964deba6,17.060922375007067,2026-08-16T11:22:12.680521+00:00,,
mlp_site_stratified_seed42_seed42,stephenson_2021_healthy_pbmc,2025-11-08,site_stratified_seed42,1fab2da901f2cc2838d3715a21e1b62a9fd9a33d1188f9f28b174c576163635e,42,none,mlp,donor_observed_macro_f1,0.9530102476695815,train,CV0939,Newcastle,,1505.0,success,,751e9858f48c4950ebbb5daae2207956d5adf1101e667d013994b50d256283a3,02db0690cc8f6748ddb925fd67f2e01940b5ffc5724d7caeb476b83c607c1f08,,cb3b67fd2e9382471882e395b5ef282694a83ad9e058108bcce1c694610b0d9e,147e644a867f248270ce34c6fc8467a201c4547dd2a1c843504876d5964deba6,17.060922375007067,2026-08-16T11:22:12.680525+00:00,,
mlp_site_stratified_seed42_seed42,stephenson_2021_healthy_pbmc,2025-11-08,site_stratified_seed42,1fab2da901f2cc2838d3715a21e1b62a9fd9a33d1188f9f28b174c576163635e,42,none,mlp,donor_global_macro_f1,0.9530102476695815,train,CV0939,Newcastle,,1505.0,success,,751e9858f48c4950ebbb5daae2207956d5adf1101e667d013994b50d256283a3,02db0690cc8f6748ddb925fd67f2e01940b5ffc5724d7caeb476b83c607c1f08,,cb3b67fd2e9382471882e395b5ef282694a83ad9e058108bcce1c694610b0d9e,147e644a867f248270ce34c6fc8467a201c4547dd2a1c843504876d5964deba6,17.060922375007067,2026-08-16T11:22:12.680528+00:00,,
mlp_site_stratified_seed42_seed42,stephenson_2021_healthy_pbmc,2025-11-08,site_stratified_seed42,1fab2da901f2cc2838d3715a21e1b62a9fd9a33d1188f9f28b174c576163635e,42,none,mlp,donor_balanced_accuracy,0.9433207814642713,train,CV0939,Newcastle,,1505.0,success,,751e9858f48c4950ebbb5daae2207956d5adf1101e667d013994b50d256283a3,02db0690cc8f6748ddb925fd67f2e01940b5ffc5724d7caeb476b83c607c1f08,,cb3b67fd2e9382471882e395b5ef282694a83ad9e058108bcce1c694610b0d9e,147e644a867f248270ce34c6fc8467a201c4547dd2a1c843504876d5964deba6,17.060922375007067,2026-08-16T11:22:12.680532+00:00,,
mlp_site_stratified_seed42_seed42,stephenson_2021_healthy_pbmc,2025-11-08,site_stratified_seed42,1fab2da901f2cc2838d3715a21e1b62a9fd9a33d1188f9f28b174c576163635e,42,none,mlp,donor_observed_macro_f1,0.9230263825739625,train,CV0944,Newcastle,,540.0,success,,751e9858f48c4950ebbb5daae2207956d5adf1101e667d013994b50d256283a3,02db0690cc8f6748ddb925fd67f2e01940b5ffc5724d7caeb476b83c607c1f08,,cb3b67fd2e9382471882e395b5ef282694a83ad9e058108bcce1c694610b0d9e,147e644a867f248270ce34c6fc8467a201c4547dd2a1c843504876d5964deba6,17.060922375007067,2026-08-16T11:22:12.680536+00:00,,
mlp_site_stratified_seed42_seed42,stephenson_2021_healthy_pbmc,2025-11-08,site_stratified_seed42,1fab2da901f2cc2838d3715a21e1b62a9fd9a33d1188f9f28b174c576163635e,42,none,mlp,donor_global_macro_f1,0.9230263825739625,train,CV0944,Newcastle,,540.0,success,,751e9858f48c4950ebbb5daae2207956d5adf1101e667d013994b50d256283a3,02db0690cc8f6748ddb925fd67f2e01940b5ffc5724d7caeb476b83c607c1f08,,cb3b67fd2e9382471882e395b5ef282694a83ad9e058108bcce1c694610b0d9e,147e644a867f248270ce34c6fc8467a201c4547dd2a1c843504876d5964deba6,17.060922375007067,2026-08-16T11:22:12.680540+00:00,,
mlp_site_stratified_seed42_seed42,stephenson_2021_healthy_pbmc,2025-11-08,site_stratified_seed42,1fab2da901f2cc2838d3715a21e1b62a9fd9a33d1188f9f28b174c576163635e,42,none,mlp,donor_balanced_accuracy,0.922091588444972,train,CV0944,Newcastle,,540.0,success,,751e9858f48c4950ebbb5daae2207956d5adf1101e667d013994b50d256283a3,02db0690cc8f6748ddb925fd67f2e01940b5ffc5724d7caeb476b83c607c1f08,,cb3b67fd2e9382471882e395b5ef282694a83ad9e058108bcce1c694610b0d9e,147e644a867f248270ce34c6fc8467a201c4547dd2a1c843504876d5964deba6,17.060922375007067,2026-08-16T11:22:12.680543+00:00,,
mlp_site_stratified_seed42_seed42,stephenson_2021_healthy_pbmc,2025-11-08,site_stratified_seed42,1fab2da901f2cc2838d3715a21e1b62a9fd9a33d1188f9f28b174c576163635e,42,none,mlp,class_f1,1.0,train,,,CD14-positive monocyte,5317.0,success,,751e9858f48c4950ebbb5daae2207956d5adf1101e667d013994b50d256283a3,02db0690cc8f6748ddb925fd67f2e01940b5ffc5724d7caeb476b83c607c1f08,,cb3b67fd2e9382471882e395b5ef282694a83ad9e058108bcce1c694610b0d9e,147e644a867f248270ce34c6fc8467a201c4547dd2a1c843504876d5964deba6,17.060922375007067,2026-08-16T11:22:12.680547+00:00,,
mlp_site_stratified_seed42_seed42,stephenson_2021_healthy_pbmc,2025-11-08,site_stratified_seed42,1fab2da901f2cc2838d3715a21e1b62a9fd9a33d1188f9f28b174c576163635e,42,none,mlp,class_f1,0.9433603046168492,train,,,"CD16-negative, CD56-bright natural killer cell, human",1048.0,success,,751e9858f48c4950ebbb5daae2207956d5adf1101e667d013994b50d256283a3,02db0690cc8f6748ddb925fd67f2e01940b5ffc5724d7caeb476b83c607c1f08,,cb3b67fd2e9382471882e395b5ef282694a83ad9e058108bcce1c694610b0d9e,147e644a867f248270ce34c6fc8467a201c4547dd2a1c843504876d5964deba6,17.060922375007067,2026-08-16T11:22:12.680551+00:00,,
mlp_site_stratified_seed42_seed42,stephenson_2021_healthy_pbmc,2025-11-08,site_stratified_seed42,1fab2da901f2cc2838d3715a21e1b62a9fd9a33d1188f9f28b174c576163635e,42,none,mlp,class_f1,0.9885962753302158,train,,,"CD16-positive, CD56-dim natural killer cell, human",6089.0,success,,751e9858f48c4950ebbb5daae2207956d5adf1101e667d013994b50d256283a3,02db0690cc8f6748ddb925fd67f2e01940b5ffc5724d7caeb476b83c607c1f08,,cb3b67fd2e9382471882e395b5ef282694a83ad9e058108bcce1c694610b0d9e,147e644a867f248270ce34c6fc8467a201c4547dd2a1c843504876d5964deba6,17.060922375007067,2026-08-16T11:22:12.680554+00:00,,
mlp_site_stratified_seed42_seed42,stephenson_2021_healthy_pbmc,2025-11-08,site_stratified_seed42,1fab2da901f2cc2838d3715a21e1b62a9fd9a33d1188f9f28b174c576163635e,42,none,mlp,class_f1,0.8541895066562255,train,,,"central memory CD4-positive, alpha-beta T cell",3245.0,success,,751e9858f48c4950ebbb5daae2207956d5adf1101e667d013994b50d256283a3,02db0690cc8f6748ddb925fd67f2e01940b5ffc5724d7caeb476b83c607c1f08,,cb3b67fd2e9382471882e395b5ef282694a83ad9e058108bcce1c694610b0d9e,147e644a867f248270ce34c6fc8467a201c4547dd2a1c843504876d5964deba6,17.060922375007067,2026-08-16T11:22:12.680557+00:00,,
mlp_site_stratified_seed42_seed42,stephenson_2021_healthy_pbmc,2025-11-08,site_stratified_seed42,1fab2da901f2cc2838d3715a21e1b62a9fd9a33d1188f9f28b174c576163635e,42,none,mlp,class_f1,0.9614655716993051,train,,,"effector CD8-positive, alpha-beta T cell",2351.0,success,,751e9858f48c4950ebbb5daae2207956d5adf1101e667d013994b50d256283a3,02db0690cc8f6748ddb925fd67f2e01940b5ffc5724d7caeb476b83c607c1f08,,cb3b67fd2e9382471882e395b5ef282694a83ad9e058108bcce1c694610b0d9e,147e644a867f248270ce34c6fc8467a201c4547dd2a1c843504876d5964deba6,17.060922375007067,2026-08-16T11:22:12.680561+00:00,,
mlp_site_stratified_seed42_seed42,stephenson_2021_healthy_pbmc,2025-11-08,site_stratified_seed42,1fab2da901f2cc2838d3715a21e1b62a9fd9a33d1188f9f28b174c576163635e,42,none,mlp,class_f1,0.9287141905396402,train,,,"effector memory CD8-positive, alpha-beta T cell",2257.0,success,,751e9858f48c4950ebbb5daae2207956d5adf1101e667d013994b50d256283a3,02db0690cc8f6748ddb925fd67f2e01940b5ffc5724d7caeb476b83c607c1f08,,cb3b67fd2e9382471882e395b5ef282694a83ad9e058108bcce1c694610b0d9e,147e644a867f248270ce34c6fc8467a201c4547dd2a1c843504876d5964deba6,17.060922375007067,2026-08-16T11:22:12.680566+00:00,,
mlp_site_stratified_seed42_seed42,stephenson_2021_healthy_pbmc,2025-11-08,site_stratified_seed42,1fab2da901f2cc2838d3715a21e1b62a9fd9a33d1188f9f28b174c576163635e,42,none,mlp,class_f1,0.9508681196896934,train,,,gamma-delta T cell,2743.0,success,,751e9858f48c4950ebbb5daae2207956d5adf1101e667d013994b50d256283a3,02db0690cc8f6748ddb925fd67f2e01940b5ffc5724d7caeb476b83c607c1f08,,cb3b67fd2e9382471882e395b5ef282694a83ad9e058108bcce1c694610b0d9e,147e644a867f248270ce34c6fc8467a201c4547dd2a1c843504876d5964deba6,17.060922375007067,2026-08-16T11:22:12.680569+00:00,,
mlp_site_stratified_seed42_seed42,stephenson_2021_healthy_pbmc,2025-11-08,site_stratified_seed42,1fab2da901f2cc2838d3715a21e1b62a9fd9a33d1188f9f28b174c576163635e,42,none,mlp,class_f1,0.9214323890967397,train,,,mucosal invariant T cell,1837.0,success,,751e9858f48c4950ebbb5daae2207956d5adf1101e667d013994b50d256283a3,02db0690cc8f6748ddb925fd67f2e01940b5ffc5724d7caeb476b83c607c1f08,,cb3b67fd2e9382471882e395b5ef282694a83ad9e058108bcce1c694610b0d9e,147e644a867f248270ce34c6fc8467a201c4547dd2a1c843504876d5964deba6,17.060922375007067,2026-08-16T11:22:12.680572+00:00,,
mlp_site_stratified_seed42_seed42,stephenson_2021_healthy_pbmc,2025-11-08,site_stratified_seed42,1fab2da901f2cc2838d3715a21e1b62a9fd9a33d1188f9f28b174c576163635e,42,none,mlp,class_f1,1.0,train,,,naive B cell,2249.0,success,,751e9858f48c4950ebbb5daae2207956d5adf1101e667d013994b50d256283a3,02db0690cc8f6748ddb925fd67f2e01940b5ffc5724d7caeb476b83c607c1f08,,cb3b67fd2e9382471882e395b5ef282694a83ad9e058108bcce1c694610b0d9e,147e644a867f248270ce34c6fc8467a201c4547dd2a1c843504876d5964deba6,17.060922375007067,2026-08-16T11:22:12.680576+00:00,,
mlp_site_stratified_seed42_seed42,stephenson_2021_healthy_pbmc,2025-11-08,site_stratified_seed42,1fab2da901f2cc2838d3715a21e1b62a9fd9a33d1188f9f28b174c576163635e,42,none,mlp,class_f1,0.9404471410670712,train,,,"naive thymus-derived CD4-positive, alpha-beta T cell",7557.0,success,,751e9858f48c4950ebbb5daae2207956d5adf1101e667d013994b50d256283a3,02db0690cc8f6748ddb925fd67f2e01940b5ffc5724d7caeb476b83c607c1f08,,cb3b67fd2e9382471882e395b5ef282694a83ad9e058108bcce1c694610b0d9e,147e644a867f248270ce34c6fc8467a201c4547dd2a1c843504876d5964deba6,17.060922375007067,2026-08-16T11:22:12.680579+00:00,,
mlp_site_stratified_seed42_seed42,stephenson_2021_healthy_pbmc,2025-11-08,site_stratified_seed42,1fab2da901f2cc2838d3715a21e1b62a9fd9a33d1188f9f28b174c576163635e,42,none,mlp,class_f1,0.9545163356822549,train,,,"naive thymus-derived CD8-positive, alpha-beta T cell",3131.0,success,,751e9858f48c4950ebbb5daae2207956d5adf1101e667d013994b50d256283a3,02db0690cc8f6748ddb925fd67f2e01940b5ffc5724d7caeb476b83c607c1f08,,cb3b67fd2e9382471882e395b5ef282694a83ad9e058108bcce1c694610b0d9e,147e644a867f248270ce34c6fc8467a201c4547dd2a1c843504876d5964deba6,17.060922375007067,2026-08-16T11:22:12.680582+00:00,,
mlp_site_stratified_seed42_seed42,stephenson_2021_healthy_pbmc,2025-11-08,site_stratified_seed42,1fab2da901f2cc2838d3715a21e1b62a9fd9a33d1188f9f28b174c576163635e,42,none,mlp,class_f1,0.9772985244040863,train,,,platelet,868.0,success,,751e9858f48c4950ebbb5daae2207956d5adf1101e667d013994b50d256283a3,02db0690cc8f6748ddb925fd67f2e01940b5ffc5724d7caeb476b83c607c1f08,,cb3b67fd2e9382471882e395b5ef282694a83ad9e058108bcce1c694610b0d9e,147e644a867f248270ce34c6fc8467a201c4547dd2a1c843504876d5964deba6,17.060922375007067,2026-08-16T11:22:12.680586+00:00,,
mlp_site_stratified_seed42_seed42,stephenson_2021_healthy_pbmc,2025-11-08,site_stratified_seed42,1fab2da901f2cc2838d3715a21e1b62a9fd9a33d1188f9f28b174c576163635e,42,none,mlp,macro_f1,0.8913221948673581,val,,,,,success,,751e9858f48c4950ebbb5daae2207956d5adf1101e667d013994b50d256283a3,02db0690cc8f6748ddb925fd67f2e01940b5ffc5724d7caeb476b83c607c1f08,,cb3b67fd2e9382471882e395b5ef282694a83ad9e058108bcce1c694610b0d9e,147e644a867f248270ce34c6fc8467a201c4547dd2a1c843504876d5964deba6,17.060922375007067,2026-08-16T11:22:12.680590+00:00,,
mlp_site_stratified_seed42_seed42,stephenson_2021_healthy_pbmc,2025-11-08,site_stratified_seed42,1fab2da901f2cc2838d3715a21e1b62a9fd9a33d1188f9f28b174c576163635e,42,none,mlp,weighted_f1,0.907429094930399,val,,,,,success,,751e9858f48c4950ebbb5daae2207956d5adf1101e667d013994b50d256283a3,02db0690cc8f6748ddb925fd67f2e01940b5ffc5724d7caeb476b83c607c1f08,,cb3b67fd2e9382471882e395b5ef282694a83ad9e058108bcce1c694610b0d9e,147e644a867f248270ce34c6fc8467a201c4547dd2a1c843504876d5964deba6,17.060922375007067,2026-08-16T11:22:12.680594+00:00,,
mlp_site_stratified_seed42_seed42,stephenson_2021_healthy_pbmc,2025-11-08,site_stratified_seed42,1fab2da901f2cc2838d3715a21e1b62a9fd9a33d1188f9f28b174c576163635e,42,none,mlp,balanced_accuracy,0.8915298946874542,val,,,,,success,,751e9858f48c4950ebbb5daae2207956d5adf1101e667d013994b50d256283a3,02db0690cc8f6748ddb925fd67f2e01940b5ffc5724d7caeb476b83c607c1f08,,cb3b67fd2e9382471882e395b5ef282694a83ad9e058108bcce1c694610b0d9e,147e644a867f248270ce34c6fc8467a201c4547dd2a1c843504876d5964deba6,17.060922375007067,2026-08-16T11:22:12.680597+00:00,,
mlp_site_stratified_seed42_seed42,stephenson_2021_healthy_pbmc,2025-11-08,site_stratified_seed42,1fab2da901f2cc2838d3715a21e1b62a9fd9a33d1188f9f28b174c576163635e,42,none,mlp,overall_accuracy,0.909324877062365,val,,,,,success,,751e9858f48c4950ebbb5daae2207956d5adf1101e667d013994b50d256283a3,02db0690cc8f6748ddb925fd67f2e01940b5ffc5724d7caeb476b83c607c1f08,,cb3b67fd2e9382471882e395b5ef282694a83ad9e058108bcce1c694610b0d9e,147e644a867f248270ce34c6fc8467a201c4547dd2a1c843504876d5964deba6,17.060922375007067,2026-08-16T11:22:12.680600+00:00,,
mlp_site_stratified_seed42_seed42,stephenson_2021_healthy_pbmc,2025-11-08,site_stratified_seed42,1fab2da901f2cc2838d3715a21e1b62a9fd9a33d1188f9f28b174c576163635e,42,none,mlp,macro_precision,0.8963735597414462,val,,,,,success,,751e9858f48c4950ebbb5daae2207956d5adf1101e667d013994b50d256283a3,02db0690cc8f6748ddb925fd67f2e01940b5ffc5724d7caeb476b83c607c1f08,,cb3b67fd2e9382471882e395b5ef282694a83ad9e058108bcce1c694610b0d9e,147e644a867f248270ce34c6fc8467a201c4547dd2a1c843504876d5964deba6,17.060922375007067,2026-08-16T11:22:12.680604+00:00,,
mlp_site_stratified_seed42_seed42,stephenson_2021_healthy_pbmc,2025-11-08,site_stratified_seed42,1fab2da901f2cc2838d3715a21e1b62a9fd9a33d1188f9f28b174c576163635e,42,none,mlp,macro_recall,0.8915298946874542,val,,,,,success,,751e9858f48c4950ebbb5daae2207956d5adf1101e667d013994b50d256283a3,02db0690cc8f6748ddb925fd67f2e01940b5ffc5724d7caeb476b83c607c1f08,,cb3b67fd2e9382471882e395b5ef282694a83ad9e058108bcce1c694610b0d9e,147e644a867f248270ce34c6fc8467a201c4547dd2a1c843504876d5964deba6,17.060922375007067,2026-08-16T11:22:12.680607+00:00,,
mlp_site_stratified_seed42_seed42,stephenson_2021_healthy_pbmc,2025-11-08,site_stratified_seed42,1fab2da901f2cc2838d3715a21e1b62a9fd9a33d1188f9f28b174c576163635e,42,none,mlp,site_observed_macro_f1,0.8989194495206133,val,,Cambridge,,17352.0,success,,751e9858f48c4950ebbb5daae2207956d5adf1101e667d013994b50d256283a3,02db0690cc8f6748ddb925fd67f2e01940b5ffc5724d7caeb476b83c607c1f08,,cb3b67fd2e9382471882e395b5ef282694a83ad9e058108bcce1c694610b0d9e,147e644a867f248270ce34c6fc8467a201c4547dd2a1c843504876d5964deba6,17.060922375007067,2026-08-16T11:22:12.680611+00:00,,
mlp_site_stratified_seed42_seed42,stephenson_2021_healthy_pbmc,2025-11-08,site_stratified_seed42,1fab2da901f2cc2838d3715a21e1b62a9fd9a33d1188f9f28b174c576163635e,42,none,mlp,site_global_macro_f1,0.8989194495206133,val,,Cambridge,,17352.0,success,,751e9858f48c4950ebbb5daae2207956d5adf1101e667d013994b50d256283a3,02db0690cc8f6748ddb925fd67f2e01940b5ffc5724d7caeb476b83c607c1f08,,cb3b67fd2e9382471882e395b5ef282694a83ad9e058108bcce1c694610b0d9e,147e644a867f248270ce34c6fc8467a201c4547dd2a1c843504876d5964deba6,17.060922375007067,2026-08-16T11:22:12.680616+00:00,,
mlp_site_stratified_seed42_seed42,stephenson_2021_healthy_pbmc,2025-11-08,site_stratified_seed42,1fab2da901f2cc2838d3715a21e1b62a9fd9a33d1188f9f28b174c576163635e,42,none,mlp,site_balanced_accuracy,0.8915748516058386,val,,Cambridge,,17352.0,success,,751e9858f48c4950ebbb5daae2207956d5adf1101e667d013994b50d256283a3,02db0690cc8f6748ddb925fd67f2e01940b5ffc5724d7caeb476b83c607c1f08,,cb3b67fd2e9382471882e395b5ef282694a83ad9e058108bcce1c694610b0d9e,147e644a867f248270ce34c6fc8467a201c4547dd2a1c843504876d5964deba6,17.060922375007067,2026-08-16T11:22:12.680619+00:00,,
mlp_site_stratified_seed42_seed42,stephenson_2021_healthy_pbmc,2025-11-08,site_stratified_seed42,1fab2da901f2cc2838d3715a21e1b62a9fd9a33d1188f9f28b174c576163635e,42,none,mlp,site_overall_accuracy,0.9235246657445828,val,,Cambridge,,17352.0,success,,751e9858f48c4950ebbb5daae2207956d5adf1101e667d013994b50d256283a3,02db0690cc8f6748ddb925fd67f2e01940b5ffc5724d7caeb476b83c607c1f08,,cb3b67fd2e9382471882e395b5ef282694a83ad9e058108bcce1c694610b0d9e,147e644a867f248270ce34c6fc8467a201c4547dd2a1c843504876d5964deba6,17.060922375007067,2026-08-16T11:22:12.680623+00:00,,
mlp_site_stratified_seed42_seed42,stephenson_2021_healthy_pbmc,2025-11-08,site_stratified_seed42,1fab2da901f2cc2838d3715a21e1b62a9fd9a33d1188f9f28b174c576163635e,42,none,mlp,site_observed_macro_f1,0.8286681361307232,val,,Newcastle,,4407.0,success,,751e9858f48c4950ebbb5daae2207956d5adf1101e667d013994b50d256283a3,02db0690cc8f6748ddb925fd67f2e01940b5ffc5724d7caeb476b83c607c1f08,,cb3b67fd2e9382471882e395b5ef282694a83ad9e058108bcce1c694610b0d9e,147e644a867f248270ce34c6fc8467a201c4547dd2a1c843504876d5964deba6,17.060922375007067,2026-08-16T11:22:12.680626+00:00,,
mlp_site_stratified_seed42_seed42,stephenson_2021_healthy_pbmc,2025-11-08,site_stratified_seed42,1fab2da901f2cc2838d3715a21e1b62a9fd9a33d1188f9f28b174c576163635e,42,none,mlp,site_global_macro_f1,0.8286681361307232,val,,Newcastle,,4407.0,success,,751e9858f48c4950ebbb5daae2207956d5adf1101e667d013994b50d256283a3,02db0690cc8f6748ddb925fd67f2e01940b5ffc5724d7caeb476b83c607c1f08,,cb3b67fd2e9382471882e395b5ef282694a83ad9e058108bcce1c694610b0d9e,147e644a867f248270ce34c6fc8467a201c4547dd2a1c843504876d5964deba6,17.060922375007067,2026-08-16T11:22:12.680630+00:00,,
mlp_site_stratified_seed42_seed42,stephenson_2021_healthy_pbmc,2025-11-08,site_stratified_seed42,1fab2da901f2cc2838d3715a21e1b62a9fd9a33d1188f9f28b174c576163635e,42,none,mlp,site_balanced_accuracy,0.8563454379775227,val,,Newcastle,,4407.0,success,,751e9858f48c4950ebbb5daae2207956d5adf1101e667d013994b50d256283a3,02db0690cc8f6748ddb925fd67f2e01940b5ffc5724d7caeb476b83c607c1f08,,cb3b67fd2e9382471882e395b5ef282694a83ad9e058108bcce1c694610b0d9e,147e644a867f248270ce34c6fc8467a201c4547dd2a1c843504876d5964deba6,17.060922375007067,2026-08-16T11:22:12.680633+00:00,,
mlp_site_stratified_seed42_seed42,stephenson_2021_healthy_pbmc,2025-11-08,site_stratified_seed42,1fab2da901f2cc2838d3715a21e1b62a9fd9a33d1188f9f28b174c576163635e,42,none,mlp,site_overall_accuracy,0.8534150215566145,val,,Newcastle,,4407.0,success,,751e9858f48c4950ebbb5daae2207956d5adf1101e667d013994b50d256283a3,02db0690cc8f6748ddb925fd67f2e01940b5ffc5724d7caeb476b83c607c1f08,,cb3b67fd2e9382471882e395b5ef282694a83ad9e058108bcce1c694610b0d9e,147e644a867f248270ce34c6fc8467a201c4547dd2a1c843504876d5964deba6,17.060922375007067,2026-08-16T11:22:12.680637+00:00,,
mlp_site_stratified_seed42_seed42,stephenson_2021_healthy_pbmc,2025-11-08,site_stratified_seed42,1fab2da901f2cc2838d3715a21e1b62a9fd9a33d1188f9f28b174c576163635e,42,none,mlp,donor_observed_macro_f1,0.9039913768333907,val,C-8928,Cambridge,,5582.0,success,,751e9858f48c4950ebbb5daae2207956d5adf1101e667d013994b50d256283a3,02db0690cc8f6748ddb925fd67f2e01940b5ffc5724d7caeb476b83c607c1f08,,cb3b67fd2e9382471882e395b5ef282694a83ad9e058108bcce1c694610b0d9e,147e644a867f248270ce34c6fc8467a201c4547dd2a1c843504876d5964deba6,17.060922375007067,2026-08-16T11:22:12.680640+00:00,,
mlp_site_stratified_seed42_seed42,stephenson_2021_healthy_pbmc,2025-11-08,site_stratified_seed42,1fab2da901f2cc2838d3715a21e1b62a9fd9a33d1188f9f28b174c576163635e,42,none,mlp,donor_global_macro_f1,0.9039913768333907,val,C-8928,Cambridge,,5582.0,success,,751e9858f48c4950ebbb5daae2207956d5adf1101e667d013994b50d256283a3,02db0690cc8f6748ddb925fd67f2e01940b5ffc5724d7caeb476b83c607c1f08,,cb3b67fd2e9382471882e395b5ef282694a83ad9e058108bcce1c694610b0d9e,147e644a867f248270ce34c6fc8467a201c4547dd2a1c843504876d5964deba6,17.060922375007067,2026-08-16T11:22:12.680645+00:00,,
mlp_site_stratified_seed42_seed42,stephenson_2021_healthy_pbmc,2025-11-08,site_stratified_seed42,1fab2da901f2cc2838d3715a21e1b62a9fd9a33d1188f9f28b174c576163635e,42,none,mlp,donor_balanced_accuracy,0.9080559696705507,val,C-8928,Cambridge,,5582.0,success,,751e9858f48c4950ebbb5daae2207956d5adf1101e667d013994b50d256283a3,02db0690cc8f6748ddb925fd67f2e01940b5ffc5724d7caeb476b83c607c1f08,,cb3b67fd2e9382471882e395b5ef282694a83ad9e058108bcce1c694610b0d9e,147e644a867f248270ce34c6fc8467a201c4547dd2a1c843504876d5964deba6,17.060922375007067,2026-08-16T11:22:12.680648+00:00,,
mlp_site_stratified_seed42_seed42,stephenson_2021_healthy_pbmc,2025-11-08,site_stratified_seed42,1fab2da901f2cc2838d3715a21e1b62a9fd9a33d1188f9f28b174c576163635e,42,none,mlp,donor_observed_macro_f1,0.8922501156204375,val,C-8936,Cambridge,,5941.0,success,,751e9858f48c4950ebbb5daae2207956d5adf1101e667d013994b50d256283a3,02db0690cc8f6748ddb925fd67f2e01940b5ffc5724d7caeb476b83c607c1f08,,cb3b67fd2e9382471882e395b5ef282694a83ad9e058108bcce1c694610b0d9e,147e644a867f248270ce34c6fc8467a201c4547dd2a1c843504876d5964deba6,17.060922375007067,2026-08-16T11:22:12.680652+00:00,,
mlp_site_stratified_seed42_seed42,stephenson_2021_healthy_pbmc,2025-11-08,site_stratified_seed42,1fab2da901f2cc2838d3715a21e1b62a9fd9a33d1188f9f28b174c576163635e,42,none,mlp,donor_global_macro_f1,0.8922501156204375,val,C-8936,Cambridge,,5941.0,success,,751e9858f48c4950ebbb5daae2207956d5adf1101e667d013994b50d256283a3,02db0690cc8f6748ddb925fd67f2e01940b5ffc5724d7caeb476b83c607c1f08,,cb3b67fd2e9382471882e395b5ef282694a83ad9e058108bcce1c694610b0d9e,147e644a867f248270ce34c6fc8467a201c4547dd2a1c843504876d5964deba6,17.060922375007067,2026-08-16T11:22:12.680655+00:00,,
mlp_site_stratified_seed42_seed42,stephenson_2021_healthy_pbmc,2025-11-08,site_stratified_seed42,1fab2da901f2cc2838d3715a21e1b62a9fd9a33d1188f9f28b174c576163635e,42,none,mlp,donor_balanced_accuracy,0.874582494182124,val,C-8936,Cambridge,,5941.0,success,,751e9858f48c4950ebbb5daae2207956d5adf1101e667d013994b50d256283a3,02db0690cc8f6748ddb925fd67f2e01940b5ffc5724d7caeb476b83c607c1f08,,cb3b67fd2e9382471882e395b5ef282694a83ad9e058108bcce1c694610b0d9e,147e644a867f248270ce34c6fc8467a201c4547dd2a1c843504876d5964deba6,17.060922375007067,2026-08-16T11:22:12.680659+00:00,,
mlp_site_stratified_seed42_seed42,stephenson_2021_healthy_pbmc,2025-11-08,site_stratified_seed42,1fab2da901f2cc2838d3715a21e1b62a9fd9a33d1188f9f28b174c576163635e,42,none,mlp,donor_observed_macro_f1,0.8733203277021812,val,C-8943,Cambridge,,5829.0,success,,751e9858f48c4950ebbb5daae2207956d5adf1101e667d013994b50d256283a3,02db0690cc8f6748ddb925fd67f2e01940b5ffc5724d7caeb476b83c607c1f08,,cb3b67fd2e9382471882e395b5ef282694a83ad9e058108bcce1c694610b0d9e,147e644a867f248270ce34c6fc8467a201c4547dd2a1c843504876d5964deba6,17.060922375007067,2026-08-16T11:22:12.680662+00:00,,
mlp_site_stratified_seed42_seed42,stephenson_2021_healthy_pbmc,2025-11-08,site_stratified_seed42,1fab2da901f2cc2838d3715a21e1b62a9fd9a33d1188f9f28b174c576163635e,42,none,mlp,donor_global_macro_f1,0.8733203277021812,val,C-8943,Cambridge,,5829.0,success,,751e9858f48c4950ebbb5daae2207956d5adf1101e667d013994b50d256283a3,02db0690cc8f6748ddb925fd67f2e01940b5ffc5724d7caeb476b83c607c1f08,,cb3b67fd2e9382471882e395b5ef282694a83ad9e058108bcce1c694610b0d9e,147e644a867f248270ce34c6fc8467a201c4547dd2a1c843504876d5964deba6,17.060922375007067,2026-08-16T11:22:12.680667+00:00,,
mlp_site_stratified_seed42_seed42,stephenson_2021_healthy_pbmc,2025-11-08,site_stratified_seed42,1fab2da901f2cc2838d3715a21e1b62a9fd9a33d1188f9f28b174c576163635e,42,none,mlp,donor_balanced_accuracy,0.8746308406434343,val,C-8943,Cambridge,,5829.0,success,,751e9858f48c4950ebbb5daae2207956d5adf1101e667d013994b50d256283a3,02db0690cc8f6748ddb925fd67f2e01940b5ffc5724d7caeb476b83c607c1f08,,cb3b67fd2e9382471882e395b5ef282694a83ad9e058108bcce1c694610b0d9e,147e644a867f248270ce34c6fc8467a201c4547dd2a1c843504876d5964deba6,17.060922375007067,2026-08-16T11:22:12.680670+00:00,,
mlp_site_stratified_seed42_seed42,stephenson_2021_healthy_pbmc,2025-11-08,site_stratified_seed42,1fab2da901f2cc2838d3715a21e1b62a9fd9a33d1188f9f28b174c576163635e,42,none,mlp,donor_observed_macro_f1,0.8215510550602683,val,CV0911,Newcastle,,1573.0,success,,751e9858f48c4950ebbb5daae2207956d5adf1101e667d013994b50d256283a3,02db0690cc8f6748ddb925fd67f2e01940b5ffc5724d7caeb476b83c607c1f08,,cb3b67fd2e9382471882e395b5ef282694a83ad9e058108bcce1c694610b0d9e,147e644a867f248270ce34c6fc8467a201c4547dd2a1c843504876d5964deba6,17.060922375007067,2026-08-16T11:22:12.680675+00:00,,
mlp_site_stratified_seed42_seed42,stephenson_2021_healthy_pbmc,2025-11-08,site_stratified_seed42,1fab2da901f2cc2838d3715a21e1b62a9fd9a33d1188f9f28b174c576163635e,42,none,mlp,donor_global_macro_f1,0.8215510550602683,val,CV0911,Newcastle,,1573.0,success,,751e9858f48c4950ebbb5daae2207956d5adf1101e667d013994b50d256283a3,02db0690cc8f6748ddb925fd67f2e01940b5ffc5724d7caeb476b83c607c1f08,,cb3b67fd2e9382471882e395b5ef282694a83ad9e058108bcce1c694610b0d9e,147e644a867f248270ce34c6fc8467a201c4547dd2a1c843504876d5964deba6,17.060922375007067,2026-08-16T11:22:12.680679+00:00,,
mlp_site_stratified_seed42_seed42,stephenson_2021_healthy_pbmc,2025-11-08,site_stratified_seed42,1fab2da901f2cc2838d3715a21e1b62a9fd9a33d1188f9f28b174c576163635e,42,none,mlp,donor_balanced_accuracy,0.8170475205480582,val,CV0911,Newcastle,,1573.0,success,,751e9858f48c4950ebbb5daae2207956d5adf1101e667d013994b50d256283a3,02db0690cc8f6748ddb925fd67f2e01940b5ffc5724d7caeb476b83c607c1f08,,cb3b67fd2e9382471882e395b5ef282694a83ad9e058108bcce1c694610b0d9e,147e644a867f248270ce34c6fc8467a201c4547dd2a1c843504876d5964deba6,17.060922375007067,2026-08-16T11:22:12.680682+00:00,,
mlp_site_stratified_seed42_seed42,stephenson_2021_healthy_pbmc,2025-11-08,site_stratified_seed42,1fab2da901f2cc2838d3715a21e1b62a9fd9a33d1188f9f28b174c576163635e,42,none,mlp,donor_observed_macro_f1,0.7583801481660775,val,CV0915,Newcastle,,1713.0,success,,751e9858f48c4950ebbb5daae2207956d5adf1101e667d013994b50d256283a3,02db0690cc8f6748ddb925fd67f2e01940b5ffc5724d7caeb476b83c607c1f08,,cb3b67fd2e9382471882e395b5ef282694a83ad9e058108bcce1c694610b0d9e,147e644a867f248270ce34c6fc8467a201c4547dd2a1c843504876d5964deba6,17.060922375007067,2026-08-16T11:22:12.680686+00:00,,
mlp_site_stratified_seed42_seed42,stephenson_2021_healthy_pbmc,2025-11-08,site_stratified_seed42,1fab2da901f2cc2838d3715a21e1b62a9fd9a33d1188f9f28b174c576163635e,42,none,mlp,donor_global_macro_f1,0.7583801481660775,val,CV0915,Newcastle,,1713.0,success,,751e9858f48c4950ebbb5daae2207956d5adf1101e667d013994b50d256283a3,02db0690cc8f6748ddb925fd67f2e01940b5ffc5724d7caeb476b83c607c1f08,,cb3b67fd2e9382471882e395b5ef282694a83ad9e058108bcce1c694610b0d9e,147e644a867f248270ce34c6fc8467a201c4547dd2a1c843504876d5964deba6,17.060922375007067,2026-08-16T11:22:12.680689+00:00,,
mlp_site_stratified_seed42_seed42,stephenson_2021_healthy_pbmc,2025-11-08,site_stratified_seed42,1fab2da901f2cc2838d3715a21e1b62a9fd9a33d1188f9f28b174c576163635e,42,none,mlp,donor_balanced_accuracy,0.8588830860716067,val,CV0915,Newcastle,,1713.0,success,,751e9858f48c4950ebbb5daae2207956d5adf1101e667d013994b50d256283a3,02db0690cc8f6748ddb925fd67f2e01940b5ffc5724d7caeb476b83c607c1f08,,cb3b67fd2e9382471882e395b5ef282694a83ad9e058108bcce1c694610b0d9e,147e644a867f248270ce34c6fc8467a201c4547dd2a1c843504876d5964deba6,17.060922375007067,2026-08-16T11:22:12.680693+00:00,,
mlp_site_stratified_seed42_seed42,stephenson_2021_healthy_pbmc,2025-11-08,site_stratified_seed42,1fab2da901f2cc2838d3715a21e1b62a9fd9a33d1188f9f28b174c576163635e,42,none,mlp,donor_observed_macro_f1,0.849152534483021,val,CV0929,Newcastle,,1121.0,success,,751e9858f48c4950ebbb5daae2207956d5adf1101e667d013994b50d256283a3,02db0690cc8f6748ddb925fd67f2e01940b5ffc5724d7caeb476b83c607c1f08,,cb3b67fd2e9382471882e395b5ef282694a83ad9e058108bcce1c694610b0d9e,147e644a867f248270ce34c6fc8467a201c4547dd2a1c843504876d5964deba6,17.060922375007067,2026-08-16T11:22:12.680696+00:00,,
mlp_site_stratified_seed42_seed42,stephenson_2021_healthy_pbmc,2025-11-08,site_stratified_seed42,1fab2da901f2cc2838d3715a21e1b62a9fd9a33d1188f9f28b174c576163635e,42,none,mlp,donor_global_macro_f1,0.849152534483021,val,CV0929,Newcastle,,1121.0,success,,751e9858f48c4950ebbb5daae2207956d5adf1101e667d013994b50d256283a3,02db0690cc8f6748ddb925fd67f2e01940b5ffc5724d7caeb476b83c607c1f08,,cb3b67fd2e9382471882e395b5ef282694a83ad9e058108bcce1c694610b0d9e,147e644a867f248270ce34c6fc8467a201c4547dd2a1c843504876d5964deba6,17.060922375007067,2026-08-16T11:22:12.680700+00:00,,
mlp_site_stratified_seed42_seed42,stephenson_2021_healthy_pbmc,2025-11-08,site_stratified_seed42,1fab2da901f2cc2838d3715a21e1b62a9fd9a33d1188f9f28b174c576163635e,42,none,mlp,donor_balanced_accuracy,0.8541304362852334,val,CV0929,Newcastle,,1121.0,success,,751e9858f48c4950ebbb5daae2207956d5adf1101e667d013994b50d256283a3,02db0690cc8f6748ddb925fd67f2e01940b5ffc5724d7caeb476b83c607c1f08,,cb3b67fd2e9382471882e395b5ef282694a83ad9e058108bcce1c694610b0d9e,147e644a867f248270ce34c6fc8467a201c4547dd2a1c843504876d5964deba6,17.060922375007067,2026-08-16T11:22:12.680704+00:00,,
mlp_site_stratified_seed42_seed42,stephenson_2021_healthy_pbmc,2025-11-08,site_stratified_seed42,1fab2da901f2cc2838d3715a21e1b62a9fd9a33d1188f9f28b174c576163635e,42,none,mlp,class_f1,1.0,val,,,CD14-positive monocyte,2979.0,success,,751e9858f48c4950ebbb5daae2207956d5adf1101e667d013994b50d256283a3,02db0690cc8f6748ddb925fd67f2e01940b5ffc5724d7caeb476b83c607c1f08,,cb3b67fd2e9382471882e395b5ef282694a83ad9e058108bcce1c694610b0d9e,147e644a867f248270ce34c6fc8467a201c4547dd2a1c843504876d5964deba6,17.060922375007067,2026-08-16T11:22:12.680708+00:00,,
mlp_site_stratified_seed42_seed42,stephenson_2021_healthy_pbmc,2025-11-08,site_stratified_seed42,1fab2da901f2cc2838d3715a21e1b62a9fd9a33d1188f9f28b174c576163635e,42,none,mlp,class_f1,0.8885832187070152,val,,,"CD16-negative, CD56-bright natural killer cell, human",384.0,success,,751e9858f48c4950ebbb5daae2207956d5adf1101e667d013994b50d256283a3,02db0690cc8f6748ddb925fd67f2e01940b5ffc5724d7caeb476b83c607c1f08,,cb3b67fd2e9382471882e395b5ef282694a83ad9e058108bcce1c694610b0d9e,147e644a867f248270ce34c6fc8467a201c4547dd2a1c843504876d5964deba6,17.060922375007067,2026-08-16T11:22:12.680711+00:00,,
mlp_site_stratified_seed42_seed42,stephenson_2021_healthy_pbmc,2025-11-08,site_stratified_seed42,1fab2da901f2cc2838d3715a21e1b62a9fd9a33d1188f9f28b174c576163635e,42,none,mlp,class_f1,0.9722017943815267,val,,,"CD16-positive, CD56-dim natural killer cell, human",3358.0,success,,751e9858f48c4950ebbb5daae2207956d5adf1101e667d013994b50d256283a3,02db0690cc8f6748ddb925fd67f2e01940b5ffc5724d7caeb476b83c607c1f08,,cb3b67fd2e9382471882e395b5ef282694a83ad9e058108bcce1c694610b0d9e,147e644a867f248270ce34c6fc8467a201c4547dd2a1c843504876d5964deba6,17.060922375007067,2026-08-16T11:22:12.680715+00:00,,
mlp_site_stratified_seed42_seed42,stephenson_2021_healthy_pbmc,2025-11-08,site_stratified_seed42,1fab2da901f2cc2838d3715a21e1b62a9fd9a33d1188f9f28b174c576163635e,42,none,mlp,class_f1,0.7103755569700827,val,,,"central memory CD4-positive, alpha-beta T cell",1833.0,success,,751e9858f48c4950ebbb5daae2207956d5adf1101e667d013994b50d256283a3,02db0690cc8f6748ddb925fd67f2e01940b5ffc5724d7caeb476b83c607c1f08,,cb3b67fd2e9382471882e395b5ef282694a83ad9e058108bcce1c694610b0d9e,147e644a867f248270ce34c6fc8467a201c4547dd2a1c843504876d5964deba6,17.060922375007067,2026-08-16T11:22:12.680718+00:00,,
mlp_site_stratified_seed42_seed42,stephenson_2021_healthy_pbmc,2025-11-08,site_stratified_seed42,1fab2da901f2cc2838d3715a21e1b62a9fd9a33d1188f9f28b174c576163635e,42,none,mlp,class_f1,0.8987556561085973,val,,,"effector CD8-positive, alpha-beta T cell",1830.0,success,,751e9858f48c4950ebbb5daae2207956d5adf1101e667d013994b50d256283a3,02db0690cc8f6748ddb925fd67f2e01940b5ffc5724d7caeb476b83c607c1f08,,cb3b67fd2e9382471882e395b5ef282694a83ad9e058108bcce1c694610b0d9e,147e644a867f248270ce34c6fc8467a201c4547dd2a1c843504876d5964deba6,17.060922375007067,2026-08-16T11:22:12.680722+00:00,,
mlp_site_stratified_seed42_seed42,stephenson_2021_healthy_pbmc,2025-11-08,site_stratified_seed42,1fab2da901f2cc2838d3715a21e1b62a9fd9a33d1188f9f28b174c576163635e,42,none,mlp,class_f1,0.8740509155873157,val,,,"effector memory CD8-positive, alpha-beta T cell",2188.0,success,,751e9858f48c4950ebbb5daae2207956d5adf1101e667d013994b50d256283a3,02db0690cc8f6748ddb925fd67f2e01940b5ffc5724d7caeb476b83c607c1f08,,cb3b67fd2e9382471882e395b5ef282694a83ad9e058108bcce1c694610b0d9e,147e644a867f248270ce34c6fc8467a201c4547dd2a1c843504876d5964deba6,17.060922375007067,2026-08-16T11:22:12.680725+00:00,,
mlp_site_stratified_seed42_seed42,stephenson_2021_healthy_pbmc,2025-11-08,site_stratified_seed42,1fab2da901f2cc2838d3715a21e1b62a9fd9a33d1188f9f28b174c576163635e,42,none,mlp,class_f1,0.8542478565861262,val,,,gamma-delta T cell,1216.0,success,,751e9858f48c4950ebbb5daae2207956d5adf1101e667d013994b50d256283a3,02db0690cc8f6748ddb925fd67f2e01940b5ffc5724d7caeb476b83c607c1f08,,cb3b67fd2e9382471882e395b5ef282694a83ad9e058108bcce1c694610b0d9e,147e644a867f248270ce34c6fc8467a201c4547dd2a1c843504876d5964deba6,17.060922375007067,2026-08-16T11:22:12.680728+00:00,,
mlp_site_stratified_seed42_seed42,stephenson_2021_healthy_pbmc,2025-11-08,site_stratified_seed42,1fab2da901f2cc2838d3715a21e1b62a9fd9a33d1188f9f28b174c576163635e,42,none,mlp,class_f1,0.7817781043350478,val,,,mucosal invariant T cell,649.0,success,,751e9858f48c4950ebbb5daae2207956d5adf1101e667d013994b50d256283a3,02db0690cc8f6748ddb925fd67f2e01940b5ffc5724d7caeb476b83c607c1f08,,cb3b67fd2e9382471882e395b5ef282694a83ad9e058108bcce1c694610b0d9e,147e644a867f248270ce34c6fc8467a201c4547dd2a1c843504876d5964deba6,17.060922375007067,2026-08-16T11:22:12.680733+00:00,,
mlp_site_stratified_seed42_seed42,stephenson_2021_healthy_pbmc,2025-11-08,site_stratified_seed42,1fab2da901f2cc2838d3715a21e1b62a9fd9a33d1188f9f28b174c576163635e,42,none,mlp,class_f1,0.9994884910485934,val,,,naive B cell,1956.0,success,,751e9858f48c4950ebbb5daae2207956d5adf1101e667d013994b50d256283a3,02db0690cc8f6748ddb925fd67f2e01940b5ffc5724d7caeb476b83c607c1f08,,cb3b67fd2e9382471882e395b5ef282694a83ad9e058108bcce1c694610b0d9e,147e644a867f248270ce34c6fc8467a201c4547dd2a1c843504876d5964deba6,17.060922375007067,2026-08-16T11:22:12.680736+00:00,,
mlp_site_stratified_seed42_seed42,stephenson_2021_healthy_pbmc,2025-11-08,site_stratified_seed42,1fab2da901f2cc2838d3715a21e1b62a9fd9a33d1188f9f28b174c576163635e,42,none,mlp,class_f1,0.8751116669644452,val,,,"naive thymus-derived CD4-positive, alpha-beta T cell",2651.0,success,,751e9858f48c4950ebbb5daae2207956d5adf1101e667d013994b50d256283a3,02db0690cc8f6748ddb925fd67f2e01940b5ffc5724d7caeb476b83c607c1f08,,cb3b67fd2e9382471882e395b5ef282694a83ad9e058108bcce1c694610b0d9e,147e644a867f248270ce34c6fc8467a201c4547dd2a1c843504876d5964deba6,17.060922375007067,2026-08-16T11:22:12.680740+00:00,,
mlp_site_stratified_seed42_seed42,stephenson_2021_healthy_pbmc,2025-11-08,site_stratified_seed42,1fab2da901f2cc2838d3715a21e1b62a9fd9a33d1188f9f28b174c576163635e,42,none,mlp,class_f1,0.9118881118881119,val,,,"naive thymus-derived CD8-positive, alpha-beta T cell",2499.0,success,,751e9858f48c4950ebbb5daae2207956d5adf1101e667d013994b50d256283a3,02db0690cc8f6748ddb925fd67f2e01940b5ffc5724d7caeb476b83c607c1f08,,cb3b67fd2e9382471882e395b5ef282694a83ad9e058108bcce1c694610b0d9e,147e644a867f248270ce34c6fc8467a201c4547dd2a1c843504876d5964deba6,17.060922375007067,2026-08-16T11:22:12.680744+00:00,,
mlp_site_stratified_seed42_seed42,stephenson_2021_healthy_pbmc,2025-11-08,site_stratified_seed42,1fab2da901f2cc2838d3715a21e1b62a9fd9a33d1188f9f28b174c576163635e,42,none,mlp,class_f1,0.929384965831435,val,,,platelet,216.0,success,,751e9858f48c4950ebbb5daae2207956d5adf1101e667d013994b50d256283a3,02db0690cc8f6748ddb925fd67f2e01940b5ffc5724d7caeb476b83c607c1f08,,cb3b67fd2e9382471882e395b5ef282694a83ad9e058108bcce1c694610b0d9e,147e644a867f248270ce34c6fc8467a201c4547dd2a1c843504876d5964deba6,17.060922375007067,2026-08-16T11:22:12.680749+00:00,,
mlp_site_stratified_seed42_seed42,stephenson_2021_healthy_pbmc,2025-11-08,site_stratified_seed42,1fab2da901f2cc2838d3715a21e1b62a9fd9a33d1188f9f28b174c576163635e,42,none,mlp,macro_f1,0.9011836657450402,test,,,,,success,,751e9858f48c4950ebbb5daae2207956d5adf1101e667d013994b50d256283a3,02db0690cc8f6748ddb925fd67f2e01940b5ffc5724d7caeb476b83c607c1f08,,cb3b67fd2e9382471882e395b5ef282694a83ad9e058108bcce1c694610b0d9e,147e644a867f248270ce34c6fc8467a201c4547dd2a1c843504876d5964deba6,17.060922375007067,2026-08-16T11:22:12.680752+00:00,,
mlp_site_stratified_seed42_seed42,stephenson_2021_healthy_pbmc,2025-11-08,site_stratified_seed42,1fab2da901f2cc2838d3715a21e1b62a9fd9a33d1188f9f28b174c576163635e,42,none,mlp,weighted_f1,0.9109766614236977,test,,,,,success,,751e9858f48c4950ebbb5daae2207956d5adf1101e667d013994b50d256283a3,02db0690cc8f6748ddb925fd67f2e01940b5ffc5724d7caeb476b83c607c1f08,,cb3b67fd2e9382471882e395b5ef282694a83ad9e058108bcce1c694610b0d9e,147e644a867f248270ce34c6fc8467a201c4547dd2a1c843504876d5964deba6,17.060922375007067,2026-08-16T11:22:12.680755+00:00,,
mlp_site_stratified_seed42_seed42,stephenson_2021_healthy_pbmc,2025-11-08,site_stratified_seed42,1fab2da901f2cc2838d3715a21e1b62a9fd9a33d1188f9f28b174c576163635e,42,none,mlp,balanced_accuracy,0.913511608218259,test,,,,,success,,751e9858f48c4950ebbb5daae2207956d5adf1101e667d013994b50d256283a3,02db0690cc8f6748ddb925fd67f2e01940b5ffc5724d7caeb476b83c607c1f08,,cb3b67fd2e9382471882e395b5ef282694a83ad9e058108bcce1c694610b0d9e,147e644a867f248270ce34c6fc8467a201c4547dd2a1c843504876d5964deba6,17.060922375007067,2026-08-16T11:22:12.680759+00:00,,
mlp_site_stratified_seed42_seed42,stephenson_2021_healthy_pbmc,2025-11-08,site_stratified_seed42,1fab2da901f2cc2838d3715a21e1b62a9fd9a33d1188f9f28b174c576163635e,42,none,mlp,overall_accuracy,0.9111735465744543,test,,,,,success,,751e9858f48c4950ebbb5daae2207956d5adf1101e667d013994b50d256283a3,02db0690cc8f6748ddb925fd67f2e01940b5ffc5724d7caeb476b83c607c1f08,,cb3b67fd2e9382471882e395b5ef282694a83ad9e058108bcce1c694610b0d9e,147e644a867f248270ce34c6fc8467a201c4547dd2a1c843504876d5964deba6,17.060922375007067,2026-08-16T11:22:12.680762+00:00,,
mlp_site_stratified_seed42_seed42,stephenson_2021_healthy_pbmc,2025-11-08,site_stratified_seed42,1fab2da901f2cc2838d3715a21e1b62a9fd9a33d1188f9f28b174c576163635e,42,none,mlp,macro_precision,0.8916330790427528,test,,,,,success,,751e9858f48c4950ebbb5daae2207956d5adf1101e667d013994b50d256283a3,02db0690cc8f6748ddb925fd67f2e01940b5ffc5724d7caeb476b83c607c1f08,,cb3b67fd2e9382471882e395b5ef282694a83ad9e058108bcce1c694610b0d9e,147e644a867f248270ce34c6fc8467a201c4547dd2a1c843504876d5964deba6,17.060922375007067,2026-08-16T11:22:12.680765+00:00,,
mlp_site_stratified_seed42_seed42,stephenson_2021_healthy_pbmc,2025-11-08,site_stratified_seed42,1fab2da901f2cc2838d3715a21e1b62a9fd9a33d1188f9f28b174c576163635e,42,none,mlp,macro_recall,0.913511608218259,test,,,,,success,,751e9858f48c4950ebbb5daae2207956d5adf1101e667d013994b50d256283a3,02db0690cc8f6748ddb925fd67f2e01940b5ffc5724d7caeb476b83c607c1f08,,cb3b67fd2e9382471882e395b5ef282694a83ad9e058108bcce1c694610b0d9e,147e644a867f248270ce34c6fc8467a201c4547dd2a1c843504876d5964deba6,17.060922375007067,2026-08-16T11:22:12.680768+00:00,,
mlp_site_stratified_seed42_seed42,stephenson_2021_healthy_pbmc,2025-11-08,site_stratified_seed42,1fab2da901f2cc2838d3715a21e1b62a9fd9a33d1188f9f28b174c576163635e,42,none,mlp,site_observed_macro_f1,0.8943255444667751,test,,Cambridge,,10992.0,success,,751e9858f48c4950ebbb5daae2207956d5adf1101e667d013994b50d256283a3,02db0690cc8f6748ddb925fd67f2e01940b5ffc5724d7caeb476b83c607c1f08,,cb3b67fd2e9382471882e395b5ef282694a83ad9e058108bcce1c694610b0d9e,147e644a867f248270ce34c6fc8467a201c4547dd2a1c843504876d5964deba6,17.060922375007067,2026-08-16T11:22:12.680772+00:00,,
mlp_site_stratified_seed42_seed42,stephenson_2021_healthy_pbmc,2025-11-08,site_stratified_seed42,1fab2da901f2cc2838d3715a21e1b62a9fd9a33d1188f9f28b174c576163635e,42,none,mlp,site_global_macro_f1,0.8943255444667751,test,,Cambridge,,10992.0,success,,751e9858f48c4950ebbb5daae2207956d5adf1101e667d013994b50d256283a3,02db0690cc8f6748ddb925fd67f2e01940b5ffc5724d7caeb476b83c607c1f08,,cb3b67fd2e9382471882e395b5ef282694a83ad9e058108bcce1c694610b0d9e,147e644a867f248270ce34c6fc8467a201c4547dd2a1c843504876d5964deba6,17.060922375007067,2026-08-16T11:22:12.680775+00:00,,
mlp_site_stratified_seed42_seed42,stephenson_2021_healthy_pbmc,2025-11-08,site_stratified_seed42,1fab2da901f2cc2838d3715a21e1b62a9fd9a33d1188f9f28b174c576163635e,42,none,mlp,site_balanced_accuracy,0.895915929870878,test,,Cambridge,,10992.0,success,,751e9858f48c4950ebbb5daae2207956d5adf1101e667d013994b50d256283a3,02db0690cc8f6748ddb925fd67f2e01940b5ffc5724d7caeb476b83c607c1f08,,cb3b67fd2e9382471882e395b5ef282694a83ad9e058108bcce1c694610b0d9e,147e644a867f248270ce34c6fc8467a201c4547dd2a1c843504876d5964deba6,17.060922375007067,2026-08-16T11:22:12.680779+00:00,,
mlp_site_stratified_seed42_seed42,stephenson_2021_healthy_pbmc,2025-11-08,site_stratified_seed42,1fab2da901f2cc2838d3715a21e1b62a9fd9a33d1188f9f28b174c576163635e,42,none,mlp,site_overall_accuracy,0.9315866084425036,test,,Cambridge,,10992.0,success,,751e9858f48c4950ebbb5daae2207956d5adf1101e667d013994b50d256283a3,02db0690cc8f6748ddb925fd67f2e01940b5ffc5724d7caeb476b83c607c1f08,,cb3b67fd2e9382471882e395b5ef282694a83ad9e058108bcce1c694610b0d9e,147e644a867f248270ce34c6fc8467a201c4547dd2a1c843504876d5964deba6,17.060922375007067,2026-08-16T11:22:12.680783+00:00,,
mlp_site_stratified_seed42_seed42,stephenson_2021_healthy_pbmc,2025-11-08,site_stratified_seed42,1fab2da901f2cc2838d3715a21e1b62a9fd9a33d1188f9f28b174c576163635e,42,none,mlp,site_observed_macro_f1,0.8716721669130588,test,,Newcastle,,7516.0,success,,751e9858f48c4950ebbb5daae2207956d5adf1101e667d013994b50d256283a3,02db0690cc8f6748ddb925fd67f2e01940b5ffc5724d7caeb476b83c607c1f08,,cb3b67fd2e9382471882e395b5ef282694a83ad9e058108bcce1c694610b0d9e,147e644a867f248270ce34c6fc8467a201c4547dd2a1c843504876d5964deba6,17.060922375007067,2026-08-16T11:22:12.680787+00:00,,
mlp_site_stratified_seed42_seed42,stephenson_2021_healthy_pbmc,2025-11-08,site_stratified_seed42,1fab2da901f2cc2838d3715a21e1b62a9fd9a33d1188f9f28b174c576163635e,42,none,mlp,site_global_macro_f1,0.8716721669130588,test,,Newcastle,,7516.0,success,,751e9858f48c4950ebbb5daae2207956d5adf1101e667d013994b50d256283a3,02db0690cc8f6748ddb925fd67f2e01940b5ffc5724d7caeb476b83c607c1f08,,cb3b67fd2e9382471882e395b5ef282694a83ad9e058108bcce1c694610b0d9e,147e644a867f248270ce34c6fc8467a201c4547dd2a1c843504876d5964deba6,17.060922375007067,2026-08-16T11:22:12.680790+00:00,,
mlp_site_stratified_seed42_seed42,stephenson_2021_healthy_pbmc,2025-11-08,site_stratified_seed42,1fab2da901f2cc2838d3715a21e1b62a9fd9a33d1188f9f28b174c576163635e,42,none,mlp,site_balanced_accuracy,0.8865391455817492,test,,Newcastle,,7516.0,success,,751e9858f48c4950ebbb5daae2207956d5adf1101e667d013994b50d256283a3,02db0690cc8f6748ddb925fd67f2e01940b5ffc5724d7caeb476b83c607c1f08,,cb3b67fd2e9382471882e395b5ef282694a83ad9e058108bcce1c694610b0d9e,147e644a867f248270ce34c6fc8467a201c4547dd2a1c843504876d5964deba6,17.060922375007067,2026-08-16T11:22:12.680793+00:00,,
mlp_site_stratified_seed42_seed42,stephenson_2021_healthy_pbmc,2025-11-08,site_stratified_seed42,1fab2da901f2cc2838d3715a21e1b62a9fd9a33d1188f9f28b174c576163635e,42,none,mlp,site_overall_accuracy,0.8813198509845662,test,,Newcastle,,7516.0,success,,751e9858f48c4950ebbb5daae2207956d5adf1101e667d013994b50d256283a3,02db0690cc8f6748ddb925fd67f2e01940b5ffc5724d7caeb476b83c607c1f08,,cb3b67fd2e9382471882e395b5ef282694a83ad9e058108bcce1c694610b0d9e,147e644a867f248270ce34c6fc8467a201c4547dd2a1c843504876d5964deba6,17.060922375007067,2026-08-16T11:22:12.680797+00:00,,
mlp_site_stratified_seed42_seed42,stephenson_2021_healthy_pbmc,2025-11-08,site_stratified_seed42,1fab2da901f2cc2838d3715a21e1b62a9fd9a33d1188f9f28b174c576163635e,42,none,mlp,donor_observed_macro_f1,0.8881796292230183,test,C-8938,Cambridge,,2750.0,success,,751e9858f48c4950ebbb5daae2207956d5adf1101e667d013994b50d256283a3,02db0690cc8f6748ddb925fd67f2e01940b5ffc5724d7caeb476b83c607c1f08,,cb3b67fd2e9382471882e395b5ef282694a83ad9e058108bcce1c694610b0d9e,147e644a867f248270ce34c6fc8467a201c4547dd2a1c843504876d5964deba6,17.060922375007067,2026-08-16T11:22:12.680800+00:00,,
mlp_site_stratified_seed42_seed42,stephenson_2021_healthy_pbmc,2025-11-08,site_stratified_seed42,1fab2da901f2cc2838d3715a21e1b62a9fd9a33d1188f9f28b174c576163635e,42,none,mlp,donor_global_macro_f1,0.8881796292230183,test,C-8938,Cambridge,,2750.0,success,,751e9858f48c4950ebbb5daae2207956d5adf1101e667d013994b50d256283a3,02db0690cc8f6748ddb925fd67f2e01940b5ffc5724d7caeb476b83c607c1f08,,cb3b67fd2e9382471882e395b5ef282694a83ad9e058108bcce1c694610b0d9e,147e644a867f248270ce34c6fc8467a201c4547dd2a1c843504876d5964deba6,17.060922375007067,2026-08-16T11:22:12.680804+00:00,,
mlp_site_stratified_seed42_seed42,stephenson_2021_healthy_pbmc,2025-11-08,site_stratified_seed42,1fab2da901f2cc2838d3715a21e1b62a9fd9a33d1188f9f28b174c576163635e,42,none,mlp,donor_balanced_accuracy,0.8894420614557585,test,C-8938,Cambridge,,2750.0,success,,751e9858f48c4950ebbb5daae2207956d5adf1101e667d013994b50d256283a3,02db0690cc8f6748ddb925fd67f2e01940b5ffc5724d7caeb476b83c607c1f08,,cb3b67fd2e9382471882e395b5ef282694a83ad9e058108bcce1c694610b0d9e,147e644a867f248270ce34c6fc8467a201c4547dd2a1c843504876d5964deba6,17.060922375007067,2026-08-16T11:22:12.680807+00:00,,
mlp_site_stratified_seed42_seed42,stephenson_2021_healthy_pbmc,2025-11-08,site_stratified_seed42,1fab2da901f2cc2838d3715a21e1b62a9fd9a33d1188f9f28b174c576163635e,42,none,mlp,donor_observed_macro_f1,0.986530992698462,test,C-8939,Cambridge,,1615.0,success,,751e9858f48c4950ebbb5daae2207956d5adf1101e667d013994b50d256283a3,02db0690cc8f6748ddb925fd67f2e01940b5ffc5724d7caeb476b83c607c1f08,,cb3b67fd2e9382471882e395b5ef282694a83ad9e058108bcce1c694610b0d9e,147e644a867f248270ce34c6fc8467a201c4547dd2a1c843504876d5964deba6,17.060922375007067,2026-08-16T11:22:12.680812+00:00,,
mlp_site_stratified_seed42_seed42,stephenson_2021_healthy_pbmc,2025-11-08,site_stratified_seed42,1fab2da901f2cc2838d3715a21e1b62a9fd9a33d1188f9f28b174c576163635e,42,none,mlp,donor_global_macro_f1,0.4110545802910259,test,C-8939,Cambridge,,1615.0,success,,751e9858f48c4950ebbb5daae2207956d5adf1101e667d013994b50d256283a3,02db0690cc8f6748ddb925fd67f2e01940b5ffc5724d7caeb476b83c607c1f08,,cb3b67fd2e9382471882e395b5ef282694a83ad9e058108bcce1c694610b0d9e,147e644a867f248270ce34c6fc8467a201c4547dd2a1c843504876d5964deba6,17.060922375007067,2026-08-16T11:22:12.680815+00:00,,
mlp_site_stratified_seed42_seed42,stephenson_2021_healthy_pbmc,2025-11-08,site_stratified_seed42,1fab2da901f2cc2838d3715a21e1b62a9fd9a33d1188f9f28b174c576163635e,42,none,mlp,donor_balanced_accuracy,0.9884285415358862,test,C-8939,Cambridge,,1615.0,success,,751e9858f48c4950ebbb5daae2207956d5adf1101e667d013994b50d256283a3,02db0690cc8f6748ddb925fd67f2e01940b5ffc5724d7caeb476b83c607c1f08,,cb3b67fd2e9382471882e395b5ef282694a83ad9e058108bcce1c694610b0d9e,147e644a867f248270ce34c6fc8467a201c4547dd2a1c843504876d5964deba6,17.060922375007067,2026-08-16T11:22:12.680818+00:00,,
mlp_site_stratified_seed42_seed42,stephenson_2021_healthy_pbmc,2025-11-08,site_stratified_seed42,1fab2da901f2cc2838d3715a21e1b62a9fd9a33d1188f9f28b174c576163635e,42,none,mlp,donor_observed_macro_f1,0.8846556701794624,test,C-8940,Cambridge,,6627.0,success,,751e9858f48c4950ebbb5daae2207956d5adf1101e667d013994b50d256283a3,02db0690cc8f6748ddb925fd67f2e01940b5ffc5724d7caeb476b83c607c1f08,,cb3b67fd2e9382471882e395b5ef282694a83ad9e058108bcce1c694610b0d9e,147e644a867f248270ce34c6fc8467a201c4547dd2a1c843504876d5964deba6,17.060922375007067,2026-08-16T11:22:12.680823+00:00,,
mlp_site_stratified_seed42_seed42,stephenson_2021_healthy_pbmc,2025-11-08,site_stratified_seed42,1fab2da901f2cc2838d3715a21e1b62a9fd9a33d1188f9f28b174c576163635e,42,none,mlp,donor_global_macro_f1,0.8846556701794624,test,C-8940,Cambridge,,6627.0,success,,751e9858f48c4950ebbb5daae2207956d5adf1101e667d013994b50d256283a3,02db0690cc8f6748ddb925fd67f2e01940b5ffc5724d7caeb476b83c607c1f08,,cb3b67fd2e9382471882e395b5ef282694a83ad9e058108bcce1c694610b0d9e,147e644a867f248270ce34c6fc8467a201c4547dd2a1c843504876d5964deba6,17.060922375007067,2026-08-16T11:22:12.680826+00:00,,
mlp_site_stratified_seed42_seed42,stephenson_2021_healthy_pbmc,2025-11-08,site_stratified_seed42,1fab2da901f2cc2838d3715a21e1b62a9fd9a33d1188f9f28b174c576163635e,42,none,mlp,donor_balanced_accuracy,0.8901233761936131,test,C-8940,Cambridge,,6627.0,success,,751e9858f48c4950ebbb5daae2207956d5adf1101e667d013994b50d256283a3,02db0690cc8f6748ddb925fd67f2e01940b5ffc5724d7caeb476b83c607c1f08,,cb3b67fd2e9382471882e395b5ef282694a83ad9e058108bcce1c694610b0d9e,147e644a867f248270ce34c6fc8467a201c4547dd2a1c843504876d5964deba6,17.060922375007067,2026-08-16T11:22:12.680830+00:00,,
mlp_site_stratified_seed42_seed42,stephenson_2021_healthy_pbmc,2025-11-08,site_stratified_seed42,1fab2da901f2cc2838d3715a21e1b62a9fd9a33d1188f9f28b174c576163635e,42,none,mlp,donor_observed_macro_f1,0.8902785215687162,test,CV0904,Newcastle,,5011.0,success,,751e9858f48c4950ebbb5daae2207956d5adf1101e667d013994b50d256283a3,02db0690cc8f6748ddb925fd67f2e01940b5ffc5724d7caeb476b83c607c1f08,,cb3b67fd2e9382471882e395b5ef282694a83ad9e058108bcce1c694610b0d9e,147e644a867f248270ce34c6fc8467a201c4547dd2a1c843504876d5964deba6,17.060922375007067,2026-08-16T11:22:12.680833+00:00,,
mlp_site_stratified_seed42_seed42,stephenson_2021_healthy_pbmc,2025-11-08,site_stratified_seed42,1fab2da901f2cc2838d3715a21e1b62a9fd9a33d1188f9f28b174c576163635e,42,none,mlp,donor_global_macro_f1,0.8902785215687162,test,CV0904,Newcastle,,5011.0,success,,751e9858f48c4950ebbb5daae2207956d5adf1101e667d013994b50d256283a3,02db0690cc8f6748ddb925fd67f2e01940b5ffc5724d7caeb476b83c607c1f08,,cb3b67fd2e9382471882e395b5ef282694a83ad9e058108bcce1c694610b0d9e,147e644a867f248270ce34c6fc8467a201c4547dd2a1c843504876d5964deba6,17.060922375007067,2026-08-16T11:22:12.680837+00:00,,
mlp_site_stratified_seed42_seed42,stephenson_2021_healthy_pbmc,2025-11-08,site_stratified_seed42,1fab2da901f2cc2838d3715a21e1b62a9fd9a33d1188f9f28b174c576163635e,42,none,mlp,donor_balanced_accuracy,0.9008772163995697,test,CV0904,Newcastle,,5011.0,success,,751e9858f48c4950ebbb5daae2207956d5adf1101e667d013994b50d256283a3,02db0690cc8f6748ddb925fd67f2e01940b5ffc5724d7caeb476b83c607c1f08,,cb3b67fd2e9382471882e395b5ef282694a83ad9e058108bcce1c694610b0d9e,147e644a867f248270ce34c6fc8467a201c4547dd2a1c843504876d5964deba6,17.060922375007067,2026-08-16T11:22:12.680841+00:00,,
mlp_site_stratified_seed42_seed42,stephenson_2021_healthy_pbmc,2025-11-08,site_stratified_seed42,1fab2da901f2cc2838d3715a21e1b62a9fd9a33d1188f9f28b174c576163635e,42,none,mlp,donor_observed_macro_f1,0.8357289059934848,test,CV0940,Newcastle,,2505.0,success,,751e9858f48c4950ebbb5daae2207956d5adf1101e667d013994b50d256283a3,02db0690cc8f6748ddb925fd67f2e01940b5ffc5724d7caeb476b83c607c1f08,,cb3b67fd2e9382471882e395b5ef282694a83ad9e058108bcce1c694610b0d9e,147e644a867f248270ce34c6fc8467a201c4547dd2a1c843504876d5964deba6,17.060922375007067,2026-08-16T11:22:12.680845+00:00,,
mlp_site_stratified_seed42_seed42,stephenson_2021_healthy_pbmc,2025-11-08,site_stratified_seed42,1fab2da901f2cc2838d3715a21e1b62a9fd9a33d1188f9f28b174c576163635e,42,none,mlp,donor_global_macro_f1,0.8357289059934848,test,CV0940,Newcastle,,2505.0,success,,751e9858f48c4950ebbb5daae2207956d5adf1101e667d013994b50d256283a3,02db0690cc8f6748ddb925fd67f2e01940b5ffc5724d7caeb476b83c607c1f08,,cb3b67fd2e9382471882e395b5ef282694a83ad9e058108bcce1c694610b0d9e,147e644a867f248270ce34c6fc8467a201c4547dd2a1c843504876d5964deba6,17.060922375007067,2026-08-16T11:22:12.680848+00:00,,
mlp_site_stratified_seed42_seed42,stephenson_2021_healthy_pbmc,2025-11-08,site_stratified_seed42,1fab2da901f2cc2838d3715a21e1b62a9fd9a33d1188f9f28b174c576163635e,42,none,mlp,donor_balanced_accuracy,0.8578092714537074,test,CV0940,Newcastle,,2505.0,success,,751e9858f48c4950ebbb5daae2207956d5adf1101e667d013994b50d256283a3,02db0690cc8f6748ddb925fd67f2e01940b5ffc5724d7caeb476b83c607c1f08,,cb3b67fd2e9382471882e395b5ef282694a83ad9e058108bcce1c694610b0d9e,147e644a867f248270ce34c6fc8467a201c4547dd2a1c843504876d5964deba6,17.060922375007067,2026-08-16T11:22:12.680853+00:00,,
mlp_site_stratified_seed42_seed42,stephenson_2021_healthy_pbmc,2025-11-08,site_stratified_seed42,1fab2da901f2cc2838d3715a21e1b62a9fd9a33d1188f9f28b174c576163635e,42,none,mlp,class_f1,0.9997777283840854,test,,,CD14-positive monocyte,2250.0,success,,751e9858f48c4950ebbb5daae2207956d5adf1101e667d013994b50d256283a3,02db0690cc8f6748ddb925fd67f2e01940b5ffc5724d7caeb476b83c607c1f08,,cb3b67fd2e9382471882e395b5ef282694a83ad9e058108bcce1c694610b0d9e,147e644a867f248270ce34c6fc8467a201c4547dd2a1c843504876d5964deba6,17.060922375007067,2026-08-16T11:22:12.680856+00:00,,
mlp_site_stratified_seed42_seed42,stephenson_2021_healthy_pbmc,2025-11-08,site_stratified_seed42,1fab2da901f2cc2838d3715a21e1b62a9fd9a33d1188f9f28b174c576163635e,42,none,mlp,class_f1,0.9084444444444445,test,,,"CD16-negative, CD56-bright natural killer cell, human",527.0,success,,751e9858f48c4950ebbb5daae2207956d5adf1101e667d013994b50d256283a3,02db0690cc8f6748ddb925fd67f2e01940b5ffc5724d7caeb476b83c607c1f08,,cb3b67fd2e9382471882e395b5ef282694a83ad9e058108bcce1c694610b0d9e,147e644a867f248270ce34c6fc8467a201c4547dd2a1c843504876d5964deba6,17.060922375007067,2026-08-16T11:22:12.680860+00:00,,
mlp_site_stratified_seed42_seed42,stephenson_2021_healthy_pbmc,2025-11-08,site_stratified_seed42,1fab2da901f2cc2838d3715a21e1b62a9fd9a33d1188f9f28b174c576163635e,42,none,mlp,class_f1,0.977039067854695,test,,,"CD16-positive, CD56-dim natural killer cell, human",2928.0,success,,751e9858f48c4950ebbb5daae2207956d5adf1101e667d013994b50d256283a3,02db0690cc8f6748ddb925fd67f2e01940b5ffc5724d7caeb476b83c607c1f08,,cb3b67fd2e9382471882e395b5ef282694a83ad9e058108bcce1c694610b0d9e,147e644a867f248270ce34c6fc8467a201c4547dd2a1c843504876d5964deba6,17.060922375007067,2026-08-16T11:22:12.680864+00:00,,
mlp_site_stratified_seed42_seed42,stephenson_2021_healthy_pbmc,2025-11-08,site_stratified_seed42,1fab2da901f2cc2838d3715a21e1b62a9fd9a33d1188f9f28b174c576163635e,42,none,mlp,class_f1,0.8331846565566459,test,,,"central memory CD4-positive, alpha-beta T cell",2359.0,success,,751e9858f48c4950ebbb5daae2207956d5adf1101e667d013994b50d256283a3,02db0690cc8f6748ddb925fd67f2e01940b5ffc5724d7caeb476b83c607c1f08,,cb3b67fd2e9382471882e395b5ef282694a83ad9e058108bcce1c694610b0d9e,147e644a867f248270ce34c6fc8467a201c4547dd2a1c843504876d5964deba6,17.060922375007067,2026-08-16T11:22:12.680867+00:00,,
mlp_site_stratified_seed42_seed42,stephenson_2021_healthy_pbmc,2025-11-08,site_stratified_seed42,1fab2da901f2cc2838d3715a21e1b62a9fd9a33d1188f9f28b174c576163635e,42,none,mlp,class_f1,0.9183726353977715,test,,,"effector CD8-positive, alpha-beta T cell",1964.0,success,,751e9858f48c4950ebbb5daae2207956d5adf1101e667d013994b50d256283a3,02db0690cc8f6748ddb925fd67f2e01940b5ffc5724d7caeb476b83c607c1f08,,cb3b67fd2e9382471882e395b5ef282694a83ad9e058108bcce1c694610b0d9e,147e644a867f248270ce34c6fc8467a201c4547dd2a1c843504876d5964deba6,17.060922375007067,2026-08-16T11:22:12.680871+00:00,,
mlp_site_stratified_seed42_seed42,stephenson_2021_healthy_pbmc,2025-11-08,site_stratified_seed42,1fab2da901f2cc2838d3715a21e1b62a9fd9a33d1188f9f28b174c576163635e,42,none,mlp,class_f1,0.7987711213517665,test,,,"effector memory CD8-positive, alpha-beta T cell",965.0,success,,751e9858f48c4950ebbb5daae2207956d5adf1101e667d013994b50d256283a3,02db0690cc8f6748ddb925fd67f2e01940b5ffc5724d7caeb476b83c607c1f08,,cb3b67fd2e9382471882e395b5ef282694a83ad9e058108bcce1c694610b0d9e,147e644a867f248270ce34c6fc8467a201c4547dd2a1c843504876d5964deba6,17.060922375007067,2026-08-16T11:22:12.680875+00:00,,
mlp_site_stratified_seed42_seed42,stephenson_2021_healthy_pbmc,2025-11-08,site_stratified_seed42,1fab2da901f2cc2838d3715a21e1b62a9fd9a33d1188f9f28b174c576163635e,42,none,mlp,class_f1,0.8303341902313625,test,,,gamma-delta T cell,774.0,success,,751e9858f48c4950ebbb5daae2207956d5adf1101e667d013994b50d256283a3,02db0690cc8f6748ddb925fd67f2e01940b5ffc5724d7caeb476b83c607c1f08,,cb3b67fd2e9382471882e395b5ef282694a83ad9e058108bcce1c694610b0d9e,147e644a867f248270ce34c6fc8467a201c4547dd2a1c843504876d5964deba6,17.060922375007067,2026-08-16T11:22:12.680878+00:00,,
mlp_site_stratified_seed42_seed42,stephenson_2021_healthy_pbmc,2025-11-08,site_stratified_seed42,1fab2da901f2cc2838d3715a21e1b62a9fd9a33d1188f9f28b174c576163635e,42,none,mlp,class_f1,0.8515842134519177,test,,,mucosal invariant T cell,875.0,success,,751e9858f48c4950ebbb5daae2207956d5adf1101e667d013994b50d256283a3,02db0690cc8f6748ddb925fd67f2e01940b5ffc5724d7caeb476b83c607c1f08,,cb3b67fd2e9382471882e395b5ef282694a83ad9e058108bcce1c694610b0d9e,147e644a867f248270ce34c6fc8467a201c4547dd2a1c843504876d5964deba6,17.060922375007067,2026-08-16T11:22:12.680881+00:00,,
mlp_site_stratified_seed42_seed42,stephenson_2021_healthy_pbmc,2025-11-08,site_stratified_seed42,1fab2da901f2cc2838d3715a21e1b62a9fd9a33d1188f9f28b174c576163635e,42,none,mlp,class_f1,1.0,test,,,naive B cell,682.0,success,,751e9858f48c4950ebbb5daae2207956d5adf1101e667d013994b50d256283a3,02db0690cc8f6748ddb925fd67f2e01940b5ffc5724d7caeb476b83c607c1f08,,cb3b67fd2e9382471882e395b5ef282694a83ad9e058108bcce1c694610b0d9e,147e644a867f248270ce34c6fc8467a201c4547dd2a1c843504876d5964deba6,17.060922375007067,2026-08-16T11:22:12.680885+00:00,,
mlp_site_stratified_seed42_seed42,stephenson_2021_healthy_pbmc,2025-11-08,site_stratified_seed42,1fab2da901f2cc2838d3715a21e1b62a9fd9a33d1188f9f28b174c576163635e,42,none,mlp,class_f1,0.887509130752374,test,,,"naive thymus-derived CD4-positive, alpha-beta T cell",2744.0,success,,751e9858f48c4950ebbb5daae2207956d5adf1101e667d013994b50d256283a3,02db0690cc8f6748ddb925fd67f2e01940b5ffc5724d7caeb476b83c607c1f08,,cb3b67fd2e9382471882e395b5ef282694a83ad9e058108bcce1c694610b0d9e,147e644a867f248270ce34c6fc8467a201c4547dd2a1c843504876d5964deba6,17.060922375007067,2026-08-16T11:22:12.680888+00:00,,
mlp_site_stratified_seed42_seed42,stephenson_2021_healthy_pbmc,2025-11-08,site_stratified_seed42,1fab2da901f2cc2838d3715a21e1b62a9fd9a33d1188f9f28b174c576163635e,42,none,mlp,class_f1,0.9209225700164745,test,,,"naive thymus-derived CD8-positive, alpha-beta T cell",1802.0,success,,751e9858f48c4950ebbb5daae2207956d5adf1101e667d013994b50d256283a3,02db0690cc8f6748ddb925fd67f2e01940b5ffc5724d7caeb476b83c607c1f08,,cb3b67fd2e9382471882e395b5ef282694a83ad9e058108bcce1c694610b0d9e,147e644a867f248270ce34c6fc8467a201c4547dd2a1c843504876d5964deba6,17.060922375007067,2026-08-16T11:22:12.680891+00:00,,
mlp_site_stratified_seed42_seed42,stephenson_2021_healthy_pbmc,2025-11-08,site_stratified_seed42,1fab2da901f2cc2838d3715a21e1b62a9fd9a33d1188f9f28b174c576163635e,42,none,mlp,class_f1,0.8882642304989459,test,,,platelet,638.0,success,,751e9858f48c4950ebbb5daae2207956d5adf1101e667d013994b50d256283a3,02db0690cc8f6748ddb925fd67f2e01940b5ffc5724d7caeb476b83c607c1f08,,cb3b67fd2e9382471882e395b5ef282694a83ad9e058108bcce1c694610b0d9e,147e644a867f248270ce34c6fc8467a201c4547dd2a1c843504876d5964deba6,17.060922375007067,2026-08-16T11:22:12.680894+00:00,,
